https://www.calculadorasdeenfermagem.com.br/suportebasicodevida-calculadoras-de-enfermagem.webp -> HTTP Error 404: Not Found
https://www.calculadorasdeenfermagem.com.br/img/adicional-noturno-og.webp -> HTTP Error 404: Not Found
https://www.calculadorasdeenfermagem.com.br/assets/iconpages-calculadoras-de-enfermagem.webp -> HTTP Error 404: Not Found
https://www.calculadorasdeenfermagem.com.br/docs/riscos_psicossociais_nr1.pdf -> HTTP Error 404: Not Found
https://www.calculadorasdeenfermagem.com.br/nl/ativar-admin.html -> HTTP Error 404: Not Found
https://www.calculadorasdeenfermagem.com.br/id/ativar-admin.html -> HTTP Error 404: Not Found
https://www.calculadorasdeenfermagem.com.br/pl/ativar-admin.html -> HTTP Error 404: Not Found
https://www.calculadorasdeenfermagem.com.br/es/ativar-admin.html -> HTTP Error 404: Not Found
https://www.calculadorasdeenfermagem.com.br/ru/ativar-admin.html -> HTTP Error 404: Not Found
https://www.calculadorasdeenfermagem.com.br/uk/ativar-admin.html -> HTTP Error 404: Not Found
https://www.calculadorasdeenfermagem.com.br/ko/ativar-admin.html -> HTTP Error 404: Not Found
https://www.calculadorasdeenfermagem.com.br/fr/ativar-admin.html -> HTTP Error 404: Not Found
https://www.calculadorasdeenfermagem.com.br/ar/ativar-admin.html -> HTTP Error 404: Not Found
https://www.calculadorasdeenfermagem.com.br/zh/ativar-admin.html -> HTTP Error 404: Not Found
https://www.calculadorasdeenfermagem.com.br/hi/ativar-admin.html -> HTTP Error 404: Not Found
https://www.calculadorasdeenfermagem.com.br/it/ativar-admin.html -> HTTP Error 404: Not Found
https://www.calculadorasdeenfermagem.com.br/en/ativar-admin.html -> HTTP Error 404: Not Found
https://www.calculadorasdeenfermagem.com.br/tr/ativar-admin.html -> HTTP Error 404: Not Found
https://www.calculadorasdeenfermagem.com.br/sv/ativar-admin.html -> HTTP Error 404: Not Found
https://www.calculadorasdeenfermagem.com.br/de/ativar-admin.html -> HTTP Error 404: Not Found
https://www.calculadorasdeenfermagem.com.br/vi/ativar-admin.html -> HTTP Error 404: Not Found
https://www.calculadorasdeenfermagem.com.br/ja/ativar-admin.html -> HTTP Error 404: Not Found
https://www.calculadorasdeenfermagem.com.br/album-preview.webp -> HTTP Error 404: Not Found
https://www.calculadorasdeenfermagem.com.br/cdn-cgi/l/email-protection -> HTTP Error 404: Not Found
https://www.calculadorasdeenfermagem.com.br/es/biblioteca-seringa.html -> HTTP Error 404: Not Found
https://www.calculadorasdeenfermagem.com.br/en/biblioteca-seringa.html -> HTTP Error 404: Not Found
https://www.calculadorasdeenfermagem.com.br/calculo-ferias.html -> HTTP Error 404: Not Found
https://www.calculadorasdeenfermagem.com.br/img/share-image.jpg -> HTTP Error 404: Not Found
https://www.calculadorasdeenfermagem.com.br/manual_protocoloferidas-2021.pdf -> HTTP Error 404: Not Found
https://www.calculadorasdeenfermagem.com.br/Guia-de-feridas_coren_sp.pdf -> HTTP Error 404: Not Found
https://www.calculadorasdeenfermagem.com.br/cpot.html -> HTTP Error 404: Not Found
https://www.calculadorasdeenfermagem.com.br/rass.html -> HTTP Error 404: Not Found
https://www.calculadorasdeenfermagem.com.br/img/calculo-ferias-og.webp -> HTTP Error 404: Not Found
https://www.calculadorasdeenfermagem.com.br/seringa-60ml-irrigation.html -> HTTP Error 404: Not Found
https://www.calculadorasdeenfermagem.com.br/ostomias.html -> HTTP Error 404: Not Found
https://www.calculadorasdeenfermagem.com.br/seringa-5ml-luerlock.html -> HTTP Error 404: Not Found
https://www.calculadorasdeenfermagem.com.br/seringa-20ml-luerlock.html -> HTTP Error 404: Not Found
https://www.calculadorasdeenfermagem.com.br/cateteres.html -> HTTP Error 404: Not Found
https://www.calculadorasdeenfermagem.com.br/drenos.html -> HTTP Error 404: Not Found
https://www.calculadorasdeenfermagem.com.br/sondas.html -> HTTP Error 404: Not Found
https://www.calculadorasdeenfermagem.com.br/seringa-3ml-luerlock.html -> HTTP Error 404: Not Found
https://www.calculadorasdeenfermagem.com.br/luvas.html -> HTTP Error 404: Not Found
https://www.calculadorasdeenfermagem.com.br/agulhas.html -> HTTP Error 404: Not Found
https://www.calculadorasdeenfermagem.com.br/cirurgicos.html -> HTTP Error 404: Not Found
https://www.calculadorasdeenfermagem.com.br/respiratorios.html -> HTTP Error 404: Not Found
https://www.calculadorasdeenfermagem.com.br/antissepticos.html -> HTTP Error 404: Not Found
https://www.calculadorasdeenfermagem.com.br/curativos.html -> HTTP Error 404: Not Found
https://www.calculadorasdeenfermagem.com.br/feridas.html -> HTTP Error 404: Not Found
https://www.calculadorasdeenfermagem.com.br/seringa-insulina-1ml.html -> HTTP Error 404: Not Found
https://www.calculadorasdeenfermagem.com.br/seringa-10ml-luerlock.html -> HTTP Error 404: Not Found
https://www.calculadorasdeenfermagem.com.br/img/twitter-card-hora-extra.jpg -> HTTP Error 404: Not Found
https://www.calculadorasdeenfermagem.com.br/img/og-image-hora-extra.jpg -> HTTP Error 404: Not Found
https://www.calculadorasdeenfermagem.com.br/docs/Manual-de-conferencia-e-reposicao-do-carro-de-emergencia-MS-2024.pdf -> HTTP Error 404: Not Found
https://www.calculadorasdeenfermagem.com.br/docs/KIT%20Intuba%C3%A7%C3%A3o%2C%20proposto%20pelo%20Minist%C3%A9rio%20da%20Sa%C3%BAde%2C%20em%20parceria%20com%20o%20CONASS%20e%20CONASEMS.pdf -> HTTP Error 404: Not Found
https://www.calculadorasdeenfermagem.com.br/docs/Parecer_010_2022-Carro-de-emergencia.pdf -> HTTP Error 404: Not Found
https://www.calculadorasdeenfermagem.com.br/de/copsoq-curta.html -> HTTP Error 404: Not Found
https://www.calculadorasdeenfermagem.com.br/biblioteca.html -> HTTP Error 404: Not Found
https://www.calculadorasdeenfermagem.com.br/en/classificacao_wifi.html -> HTTP Error 404: Not Found
https://www.calculadorasdeenfermagem.com.br/en/copsoq-curta.html -> HTTP Error 404: Not Found
https://www.calculadorasdeenfermagem.com.br/nl/copsoq-curta.html -> HTTP Error 404: Not Found
https://www.calculadorasdeenfermagem.com.br/es/copsoq-curta.html -> HTTP Error 404: Not Found
https://www.calculadorasdeenfermagem.com.br/fr/copsoq-curta.html -> HTTP Error 404: Not Found
https://www.calculadorasdeenfermagem.com.br/tr/copsoq-curta.html -> HTTP Error 404: Not Found
https://www.calculadorasdeenfermagem.com.br/pl/copsoq-curta.html -> HTTP Error 404: Not Found
https://www.calculadorasdeenfermagem.com.br/ru/copsoq-curta.html -> HTTP Error 404: Not Found
https://www.calculadorasdeenfermagem.com.br/ar/copsoq-curta.html -> HTTP Error 404: Not Found
https://www.calculadorasdeenfermagem.com.br/vi/copsoq-curta.html -> HTTP Error 404: Not Found
https://www.calculadorasdeenfermagem.com.br/uk/copsoq-curta.html -> HTTP Error 404: Not Found
https://www.calculadorasdeenfermagem.com.br/hi/copsoq-curta.html -> HTTP Error 404: Not Found
https://www.calculadorasdeenfermagem.com.br/ja/copsoq-curta.html -> HTTP Error 404: Not Found
https://www.calculadorasdeenfermagem.com.br/ko/copsoq-curta.html -> HTTP Error 404: Not Found
https://www.calculadorasdeenfermagem.com.br/zh/copsoq-curta.html -> HTTP Error 404: Not Found
https://www.calculadorasdeenfermagem.com.br/sv/copsoq-curta.html -> HTTP Error 404: Not Found
https://www.calculadorasdeenfermagem.com.br/it/copsoq-curta.html -> HTTP Error 404: Not Found
https://www.calculadorasdeenfermagem.com.br/id/copsoq-curta.html -> HTTP Error 404: Not Found
https://www.calculadorasdeenfermagem.com.br/apple-touch-icon.png -> HTTP Error 404: Not Found
https://www.calculadorasdeenfermagem.com.br/share-image-forum.jpg -> HTTP Error 404: Not Found
https://www.calculadorasdeenfermagem.com.br/img/lista-de-verificacao-og.jpg -> HTTP Error 404: Not Found
https://www.calculadorasdeenfermagem.com.br/sv/genogramaeecomapa.html -> HTTP Error 404: Not Found
https://www.calculadorasdeenfermagem.com.br/img/apple-touch-icon.png -> HTTP Error 404: Not Found
https://www.calculadorasdeenfermagem.com.br/fr/entenda_copsoq.html -> HTTP Error 404: Not Found
https://www.calculadorasdeenfermagem.com.br/img/capagenogramaeocomapa.webp -> HTTP Error 404: Not Found
https://www.calculadorasdeenfermagem.com.br/vi/entenda_copsoq.html -> HTTP Error 404: Not Found
https://www.calculadorasdeenfermagem.com.br/img/favicon.png -> HTTP Error 404: Not Found
https://www.calculadorasdeenfermagem.com.br/ko/entenda_copsoq.html -> HTTP Error 404: Not Found
https://www.calculadorasdeenfermagem.com.br/es/entenda_copsoq.html -> HTTP Error 404: Not Found
https://www.calculadorasdeenfermagem.com.br/sv/entenda_copsoq.html -> HTTP Error 404: Not Found
https://www.calculadorasdeenfermagem.com.br/id/entenda_copsoq.html -> HTTP Error 404: Not Found
https://www.calculadorasdeenfermagem.com.br/iconpages.webp -> HTTP Error 404: Not Found
https://www.calculadorasdeenfermagem.com.br/img/iconpages-calculadoras-de-enfermagem.webp -> HTTP Error 404: Not Found
https://www.calculadorasdeenfermagem.com.br/ar/diagnosticosnanda.html -> HTTP Error 404: Not Found
https://www.calculadorasdeenfermagem.com.br/acessibilidade.html -> HTTP Error 404: Not Found
https://www.calculadorasdeenfermagem.com.br/privacidade.html -> HTTP Error 404: Not Found
https://www.calculadorasdeenfermagem.com.br/hi/entenda_copsoq.html -> HTTP Error 404: Not Found
https://www.calculadorasdeenfermagem.com.br/uk/entenda_copsoq.html -> HTTP Error 404: Not Found
https://www.calculadorasdeenfermagem.com.br/tr/entenda_copsoq.html -> HTTP Error 404: Not Found
https://www.calculadorasdeenfermagem.com.br/it/diagnosticosnanda.html -> HTTP Error 404: Not Found
https://www.calculadorasdeenfermagem.com.br/zh/entenda_copsoq.html -> HTTP Error 404: Not Found
https://www.calculadorasdeenfermagem.com.br/nl/entenda_copsoq.html -> HTTP Error 404: Not Found
https://www.calculadorasdeenfermagem.com.br/fonts/fa-solid/fa-solid-900.woff2 -> HTTP Error 404: Not Found
https://www.calculadorasdeenfermagem.com.br/ja/entenda_copsoq.html -> HTTP Error 404: Not Found
https://www.calculadorasdeenfermagem.com.br/fr/diagnosticosnanda.html -> HTTP Error 404: Not Found
https://www.calculadorasdeenfermagem.com.br/pl/entenda_copsoq.html -> HTTP Error 404: Not Found
https://www.calculadorasdeenfermagem.com.br/de/entenda_copsoq.html -> HTTP Error 404: Not Found
https://www.calculadorasdeenfermagem.com.br/nl/downloads.template.html -> HTTP Error 404: Not Found
https://www.calculadorasdeenfermagem.com.br/fonts/fa-brands/fa-brands-400.woff2 -> HTTP Error 404: Not Found
https://www.calculadorasdeenfermagem.com.br/it/entenda_copsoq.html -> HTTP Error 404: Not Found
https://www.calculadorasdeenfermagem.com.br/ar/entenda_copsoq.html -> HTTP Error 404: Not Found
https://www.calculadorasdeenfermagem.com.br/zh/diagnosticosnanda.html -> HTTP Error 404: Not Found
https://www.calculadorasdeenfermagem.com.br/hi/diagnosticosnanda.html -> HTTP Error 404: Not Found
https://www.calculadorasdeenfermagem.com.br/ru/entenda_copsoq.html -> HTTP Error 404: Not Found
https://www.calculadorasdeenfermagem.com.br/docs/Severinghaus_Astrup_1987_History_of_Blood_Gas_Analysis.pdf -> HTTP Error 404: Not Found
https://www.calculadorasdeenfermagem.com.br/docs/the-validity-and-reliability-of-the-sinbad-classification.pdf -> HTTP Error 404: Not Found
https://www.calculadorasdeenfermagem.com.br/id/downloads.template.html -> HTTP Error 404: Not Found
https://www.calculadorasdeenfermagem.com.br/de/diagnosticosnanda.html -> HTTP Error 404: Not Found
https://www.calculadorasdeenfermagem.com.br/docs/gasometria-interpretacao-jbp.pdf -> HTTP Error 404: Not Found
https://www.calculadorasdeenfermagem.com.br/ja/diagnosticosnanda.html -> HTTP Error 404: Not Found
https://www.calculadorasdeenfermagem.com.br/hi/insulina.html -> HTTP Error 404: Not Found
https://www.calculadorasdeenfermagem.com.br/img/imagem.webp -> HTTP Error 404: Not Found
https://www.calculadorasdeenfermagem.com.br/img/sus.webp -> HTTP Error 404: Not Found
https://www.calculadorasdeenfermagem.com.br/favicon.svg -> HTTP Error 404: Not Found
https://www.calculadorasdeenfermagem.com.br/img/og-matriz-risco.jpg -> HTTP Error 404: Not Found
https://www.calculadorasdeenfermagem.com.br/sv/downloads.template.html -> HTTP Error 404: Not Found
https://www.calculadorasdeenfermagem.com.br/it/mapa-do-site.html -> HTTP Error 404: Not Found
https://www.calculadorasdeenfermagem.com.br/assets/imagem-compartilhamento.jpg -> HTTP Error 404: Not Found
https://www.calculadorasdeenfermagem.com.br/pl/metasinternacionais.html -> HTTP Error 404: Not Found
https://www.calculadorasdeenfermagem.com.br/ja/metasinternacionais.html -> HTTP Error 404: Not Found
https://www.calculadorasdeenfermagem.com.br/tr/metasinternacionais.html -> HTTP Error 404: Not Found
https://www.calculadorasdeenfermagem.com.br/ar/metasinternacionais.html -> HTTP Error 404: Not Found
https://www.calculadorasdeenfermagem.com.br/uk/metasinternacionais.html -> HTTP Error 404: Not Found
https://www.calculadorasdeenfermagem.com.br/it/metasinternacionais.html -> HTTP Error 404: Not Found
https://www.calculadorasdeenfermagem.com.br/hi/metasinternacionais.html -> HTTP Error 404: Not Found
https://www.calculadorasdeenfermagem.com.br/assets/logo-share.jpg -> HTTP Error 404: Not Found
https://www.calculadorasdeenfermagem.com.br/de/metasinternacionais.html -> HTTP Error 404: Not Found
https://www.calculadorasdeenfermagem.com.br/ko/metasinternacionais.html -> HTTP Error 404: Not Found
https://www.calculadorasdeenfermagem.com.br/ru/metasinternacionais.html -> HTTP Error 404: Not Found
https://www.calculadorasdeenfermagem.com.br/hi/downloads.template.html -> HTTP Error 404: Not Found
https://www.calculadorasdeenfermagem.com.br/fr/metasinternacionais.html -> HTTP Error 404: Not Found
https://www.calculadorasdeenfermagem.com.br/it/downloads.template.html -> HTTP Error 404: Not Found
https://www.calculadorasdeenfermagem.com.br/id/metasinternacionais.html -> HTTP Error 404: Not Found
https://www.calculadorasdeenfermagem.com.br/zh/offline.html -> HTTP Error 404: Not Found
https://www.calculadorasdeenfermagem.com.br/zh/metasinternacionais.html -> HTTP Error 404: Not Found
https://www.calculadorasdeenfermagem.com.br/es/metasinternacionais.html -> HTTP Error 404: Not Found
https://www.calculadorasdeenfermagem.com.br/uk/offline.html -> HTTP Error 404: Not Found
https://www.calculadorasdeenfermagem.com.br/nl/metasinternacionais.html -> HTTP Error 404: Not Found
https://www.calculadorasdeenfermagem.com.br/ar/offline.html -> HTTP Error 404: Not Found
https://www.calculadorasdeenfermagem.com.br/it/offline.html -> HTTP Error 404: Not Found
https://www.calculadorasdeenfermagem.com.br/img/nr1-saude-mental-trabalhador.webp -> HTTP Error 404: Not Found
https://www.calculadorasdeenfermagem.com.br/hi/offline.html -> HTTP Error 404: Not Found
https://www.calculadorasdeenfermagem.com.br/sv/metasinternacionais.html -> HTTP Error 404: Not Found
https://www.calculadorasdeenfermagem.com.br/tr/offline.html -> HTTP Error 404: Not Found
https://www.calculadorasdeenfermagem.com.br/vi/metasinternacionais.html -> HTTP Error 404: Not Found
https://www.calculadorasdeenfermagem.com.br/fr/offline.html -> HTTP Error 404: Not Found
https://www.calculadorasdeenfermagem.com.br/pl/offline.html -> HTTP Error 404: Not Found
https://www.calculadorasdeenfermagem.com.br/sv/offline.html -> HTTP Error 404: Not Found
https://www.calculadorasdeenfermagem.com.br/de/offline.html -> HTTP Error 404: Not Found
https://www.calculadorasdeenfermagem.com.br/es/offline.html -> HTTP Error 404: Not Found
https://www.calculadorasdeenfermagem.com.br/vi/offline.html -> HTTP Error 404: Not Found
https://www.calculadorasdeenfermagem.com.br/ru/offline.html -> HTTP Error 404: Not Found
https://www.calculadorasdeenfermagem.com.br/ja/offline.html -> HTTP Error 404: Not Found
https://www.calculadorasdeenfermagem.com.br/en/offline.html -> HTTP Error 404: Not Found
https://www.calculadorasdeenfermagem.com.br/nl/offline.html -> HTTP Error 404: Not Found
https://www.calculadorasdeenfermagem.com.br/ko/offline.html -> HTTP Error 404: Not Found
https://www.calculadorasdeenfermagem.com.br/id/offline.html -> HTTP Error 404: Not Found
https://www.calculadorasdeenfermagem.com.br/vi/downloads.template.html -> HTTP Error 404: Not Found
https://www.calculadorasdeenfermagem.com.br/img/og-9certos-enfermagem.webp -> HTTP Error 404: Not Found
https://www.calculadorasdeenfermagem.com.br/img/violencia-domestica-e-outras-violencias.webp -> HTTP Error 404: Not Found
https://www.calculadorasdeenfermagem.com.br/es/downloads.template.html -> HTTP Error 404: Not Found
https://www.calculadorasdeenfermagem.com.br/compulsorialista.html -> HTTP Error 404: Not Found
https://www.calculadorasdeenfermagem.com.br/mews.html -> HTTP Error 404: Not Found
https://www.calculadorasdeenfermagem.com.br/ja/downloads.template.html -> HTTP Error 404: Not Found
https://www.calculadorasdeenfermagem.com.br/ko/simulado-de-enfermagem-doencas-de-notificacao-compulsoria.html -> HTTP Error 404: Not Found
https://www.calculadorasdeenfermagem.com.br/nl/simulado-de-enfermagem-nucleo-de-seguranca-do-paciente.html -> HTTP Error 404: Not Found
https://www.calculadorasdeenfermagem.com.br/ar/simulado-de-enfermagem-doencas-de-notificacao-compulsoria.html -> HTTP Error 404: Not Found
https://www.calculadorasdeenfermagem.com.br/ru/simulado-de-enfermagem.html -> HTTP Error 404: Not Found
https://www.calculadorasdeenfermagem.com.br/uk/simulado-de-enfermagem-nucleo-de-seguranca-do-paciente.html -> HTTP Error 404: Not Found
https://www.calculadorasdeenfermagem.com.br/id/simulado-de-enfermagem-doencas-de-notificacao-compulsoria.html -> HTTP Error 404: Not Found
https://www.calculadorasdeenfermagem.com.br/id/simulado-de-enfermagem.html -> HTTP Error 404: Not Found
https://www.calculadorasdeenfermagem.com.br/en/simulado-de-enfermagem-nucleo-de-seguranca-do-paciente.html -> HTTP Error 404: Not Found
https://www.calculadorasdeenfermagem.com.br/es/simulado-de-enfermagem-doencas-de-notificacao-compulsoria.html -> HTTP Error 404: Not Found
https://www.calculadorasdeenfermagem.com.br/pl/simulado-de-enfermagem2.html -> HTTP Error 404: Not Found
https://www.calculadorasdeenfermagem.com.br/fr/simulado-de-enfermagem.html -> HTTP Error 404: Not Found
https://www.calculadorasdeenfermagem.com.br/sv/simulado-de-enfermagem3.html -> HTTP Error 404: Not Found
https://www.calculadorasdeenfermagem.com.br/de/simulado-de-enfermagem-nucleo-de-seguranca-do-paciente.html -> HTTP Error 404: Not Found
https://www.calculadorasdeenfermagem.com.br/hi/simulado-de-enfermagem-doencas-de-notificacao-compulsoria.html -> HTTP Error 404: Not Found
https://www.calculadorasdeenfermagem.com.br/it/simulado-de-enfermagem2.html -> HTTP Error 404: Not Found
https://www.calculadorasdeenfermagem.com.br/tr/simulado-de-enfermagem.html -> HTTP Error 404: Not Found
https://www.calculadorasdeenfermagem.com.br/es/simulado-de-enfermagem3.html -> HTTP Error 404: Not Found
https://www.calculadorasdeenfermagem.com.br/it/simulado-de-enfermagem4.html -> HTTP Error 404: Not Found
https://www.calculadorasdeenfermagem.com.br/simulado-bloco-operatorio.html -> HTTP Error 404: Not Found
https://www.calculadorasdeenfermagem.com.br/tr/simulado-de-enfermagem-nucleo-de-seguranca-do-paciente.html -> HTTP Error 404: Not Found
https://www.calculadorasdeenfermagem.com.br/en/simulado-de-enfermagem-doencas-de-notificacao-compulsoria.html -> HTTP Error 404: Not Found
https://www.calculadorasdeenfermagem.com.br/en/simulado-de-enfermagem2.html -> HTTP Error 404: Not Found
https://www.calculadorasdeenfermagem.com.br/ar/simulado-de-enfermagem.html -> HTTP Error 404: Not Found
https://www.calculadorasdeenfermagem.com.br/vi/simulado-de-enfermagem3.html -> HTTP Error 404: Not Found
https://www.calculadorasdeenfermagem.com.br/en/simulado-de-enfermagem4.html -> HTTP Error 404: Not Found
https://www.calculadorasdeenfermagem.com.br/sv/simulado-de-enfermagem-nucleo-de-seguranca-do-paciente.html -> HTTP Error 404: Not Found
https://www.calculadorasdeenfermagem.com.br/zh/simulado-de-enfermagem-doencas-de-notificacao-compulsoria.html -> HTTP Error 404: Not Found
https://www.calculadorasdeenfermagem.com.br/tr/simulado-de-enfermagem2.html -> HTTP Error 404: Not Found
https://www.calculadorasdeenfermagem.com.br/sv/simulado-de-enfermagem.html -> HTTP Error 404: Not Found
https://www.calculadorasdeenfermagem.com.br/it/simulado-de-enfermagem3.html -> HTTP Error 404: Not Found
https://www.calculadorasdeenfermagem.com.br/vi/simulado-de-enfermagem4.html -> HTTP Error 404: Not Found
https://www.calculadorasdeenfermagem.com.br/it/simulado-de-enfermagem-nucleo-de-seguranca-do-paciente.html -> HTTP Error 404: Not Found
https://www.calculadorasdeenfermagem.com.br/vi/simulado-de-enfermagem-doencas-de-notificacao-compulsoria.html -> HTTP Error 404: Not Found
https://www.calculadorasdeenfermagem.com.br/de/simulado-de-enfermagem2.html -> HTTP Error 404: Not Found
https://www.calculadorasdeenfermagem.com.br/de/simulado-de-enfermagem.html -> HTTP Error 404: Not Found
https://www.calculadorasdeenfermagem.com.br/pl/simulado-de-enfermagem4.html -> HTTP Error 404: Not Found
https://www.calculadorasdeenfermagem.com.br/ja/simulado-de-enfermagem3.html -> HTTP Error 404: Not Found
https://www.calculadorasdeenfermagem.com.br/es/simulado-de-enfermagem-nucleo-de-seguranca-do-paciente.html -> HTTP Error 404: Not Found
https://www.calculadorasdeenfermagem.com.br/uk/simulado-de-enfermagem-doencas-de-notificacao-compulsoria.html -> HTTP Error 404: Not Found
https://www.calculadorasdeenfermagem.com.br/ru/simulado-de-enfermagem2.html -> HTTP Error 404: Not Found
https://www.calculadorasdeenfermagem.com.br/it/simulado-de-enfermagem.html -> HTTP Error 404: Not Found
https://www.calculadorasdeenfermagem.com.br/hi/simulado-de-enfermagem3.html -> HTTP Error 404: Not Found
https://www.calculadorasdeenfermagem.com.br/id/simulado-de-enfermagem4.html -> HTTP Error 404: Not Found
https://www.calculadorasdeenfermagem.com.br/id/simulado-de-enfermagem-nucleo-de-seguranca-do-paciente.html -> HTTP Error 404: Not Found
https://www.calculadorasdeenfermagem.com.br/pl/simulado-de-enfermagem-doencas-de-notificacao-compulsoria.html -> HTTP Error 404: Not Found
https://www.calculadorasdeenfermagem.com.br/id/simulado-de-enfermagem2.html -> HTTP Error 404: Not Found
https://www.calculadorasdeenfermagem.com.br/ko/simulado-de-enfermagem.html -> HTTP Error 404: Not Found
https://www.calculadorasdeenfermagem.com.br/nl/simulado-de-enfermagem3.html -> HTTP Error 404: Not Found
https://www.calculadorasdeenfermagem.com.br/fr/simulado-de-enfermagem4.html -> HTTP Error 404: Not Found
https://www.calculadorasdeenfermagem.com.br/ru/simulado-de-enfermagem-nucleo-de-seguranca-do-paciente.html -> HTTP Error 404: Not Found
https://www.calculadorasdeenfermagem.com.br/de/simulado-de-enfermagem-doencas-de-notificacao-compulsoria.html -> HTTP Error 404: Not Found
https://www.calculadorasdeenfermagem.com.br/ko/simulado-de-enfermagem2.html -> HTTP Error 404: Not Found
https://www.calculadorasdeenfermagem.com.br/vi/simulado-de-enfermagem.html -> HTTP Error 404: Not Found
https://www.calculadorasdeenfermagem.com.br/zh/simulado-de-enfermagem3.html -> HTTP Error 404: Not Found
https://www.calculadorasdeenfermagem.com.br/sv/simulado-de-enfermagem4.html -> HTTP Error 404: Not Found
https://www.calculadorasdeenfermagem.com.br/ru/downloads.template.html -> HTTP Error 404: Not Found
https://www.calculadorasdeenfermagem.com.br/ja/simulado-de-enfermagem-nucleo-de-seguranca-do-paciente.html -> HTTP Error 404: Not Found
https://www.calculadorasdeenfermagem.com.br/hi/simulado-de-enfermagem2.html -> HTTP Error 404: Not Found
https://www.calculadorasdeenfermagem.com.br/ru/simulado-de-enfermagem-doencas-de-notificacao-compulsoria.html -> HTTP Error 404: Not Found
https://www.calculadorasdeenfermagem.com.br/ja/simulado-de-enfermagem.html -> HTTP Error 404: Not Found
https://www.calculadorasdeenfermagem.com.br/id/simulado-de-enfermagem3.html -> HTTP Error 404: Not Found
https://www.calculadorasdeenfermagem.com.br/hi/simulado-de-enfermagem4.html -> HTTP Error 404: Not Found
https://www.calculadorasdeenfermagem.com.br/ko/downloads.template.html -> HTTP Error 404: Not Found
https://www.calculadorasdeenfermagem.com.br/fr/simulado_pcr.html -> HTTP Error 404: Not Found
https://www.calculadorasdeenfermagem.com.br/pl/simulado-de-enfermagem-nucleo-de-seguranca-do-paciente.html -> HTTP Error 404: Not Found
https://www.calculadorasdeenfermagem.com.br/fr/simulado-de-enfermagem-doencas-de-notificacao-compulsoria.html -> HTTP Error 404: Not Found
https://www.calculadorasdeenfermagem.com.br/ar/simulado-de-enfermagem2.html -> HTTP Error 404: Not Found
https://www.calculadorasdeenfermagem.com.br/zh/simulado-de-enfermagem.html -> HTTP Error 404: Not Found
https://www.calculadorasdeenfermagem.com.br/en/simulado-de-enfermagem3.html -> HTTP Error 404: Not Found
https://www.calculadorasdeenfermagem.com.br/tr/simulado-de-enfermagem4.html -> HTTP Error 404: Not Found
https://www.calculadorasdeenfermagem.com.br/hi/simulado_vacinacao.html -> HTTP Error 404: Not Found
https://www.calculadorasdeenfermagem.com.br/de/simulado_pcr.html -> HTTP Error 404: Not Found
https://www.calculadorasdeenfermagem.com.br/fr/simulado-de-enfermagem-nucleo-de-seguranca-do-paciente.html -> HTTP Error 404: Not Found
https://www.calculadorasdeenfermagem.com.br/sv/simulado-de-enfermagem-doencas-de-notificacao-compulsoria.html -> HTTP Error 404: Not Found
https://www.calculadorasdeenfermagem.com.br/zh/simulado-de-enfermagem2.html -> HTTP Error 404: Not Found
https://www.calculadorasdeenfermagem.com.br/hi/simulado-de-enfermagem.html -> HTTP Error 404: Not Found
https://www.calculadorasdeenfermagem.com.br/nl/simulado-de-enfermagem4.html -> HTTP Error 404: Not Found
https://www.calculadorasdeenfermagem.com.br/ru/simulado-de-enfermagem3.html -> HTTP Error 404: Not Found
https://www.calculadorasdeenfermagem.com.br/nl/simulado_vacinacao.html -> HTTP Error 404: Not Found
https://www.calculadorasdeenfermagem.com.br/uk/simulado_pcr.html -> HTTP Error 404: Not Found
https://www.calculadorasdeenfermagem.com.br/ar/simulado-de-enfermagem-nucleo-de-seguranca-do-paciente.html -> HTTP Error 404: Not Found
https://www.calculadorasdeenfermagem.com.br/nl/simulado-de-enfermagem-doencas-de-notificacao-compulsoria.html -> HTTP Error 404: Not Found
https://www.calculadorasdeenfermagem.com.br/uk/simulado-de-enfermagem2.html -> HTTP Error 404: Not Found
https://www.calculadorasdeenfermagem.com.br/en/simulado-de-enfermagem.html -> HTTP Error 404: Not Found
https://www.calculadorasdeenfermagem.com.br/pl/simulado-de-enfermagem3.html -> HTTP Error 404: Not Found
https://www.calculadorasdeenfermagem.com.br/ja/simulado-de-enfermagem4.html -> HTTP Error 404: Not Found
https://www.calculadorasdeenfermagem.com.br/en/sistema_sinbad.html -> HTTP Error 404: Not Found
https://www.calculadorasdeenfermagem.com.br/uk/simulado_vacinacao.html -> HTTP Error 404: Not Found
https://www.calculadorasdeenfermagem.com.br/ru/simulado_pcr.html -> HTTP Error 404: Not Found
https://www.calculadorasdeenfermagem.com.br/hi/simulado-de-enfermagem-nucleo-de-seguranca-do-paciente.html -> HTTP Error 404: Not Found
https://www.calculadorasdeenfermagem.com.br/ja/simulado-de-enfermagem-doencas-de-notificacao-compulsoria.html -> HTTP Error 404: Not Found
https://www.calculadorasdeenfermagem.com.br/ja/simulado-de-enfermagem2.html -> HTTP Error 404: Not Found
https://www.calculadorasdeenfermagem.com.br/uk/simulado-de-enfermagem.html -> HTTP Error 404: Not Found
https://www.calculadorasdeenfermagem.com.br/ko/simulado-de-enfermagem3.html -> HTTP Error 404: Not Found
https://www.calculadorasdeenfermagem.com.br/ar/simulado-de-enfermagem4.html -> HTTP Error 404: Not Found
https://www.calculadorasdeenfermagem.com.br/pl/downloads.template.html -> HTTP Error 404: Not Found
https://www.calculadorasdeenfermagem.com.br/fr/simulado_vacinacao.html -> HTTP Error 404: Not Found
https://www.calculadorasdeenfermagem.com.br/es/simulado_pcr.html -> HTTP Error 404: Not Found
https://www.calculadorasdeenfermagem.com.br/es/sistema_sinbad.html -> HTTP Error 404: Not Found
https://www.calculadorasdeenfermagem.com.br/ko/simulado-de-enfermagem-nucleo-de-seguranca-do-paciente.html -> HTTP Error 404: Not Found
https://www.calculadorasdeenfermagem.com.br/tr/simulado-de-enfermagem-doencas-de-notificacao-compulsoria.html -> HTTP Error 404: Not Found
https://www.calculadorasdeenfermagem.com.br/fr/simulado-de-enfermagem2.html -> HTTP Error 404: Not Found
https://www.calculadorasdeenfermagem.com.br/es/simulado-de-enfermagem.html -> HTTP Error 404: Not Found
https://www.calculadorasdeenfermagem.com.br/de/simulado-de-enfermagem3.html -> HTTP Error 404: Not Found
https://www.calculadorasdeenfermagem.com.br/zh/simulado-de-enfermagem4.html -> HTTP Error 404: Not Found
https://www.calculadorasdeenfermagem.com.br/ar/downloads.template.html -> HTTP Error 404: Not Found
https://www.calculadorasdeenfermagem.com.br/it/simulado_vacinacao.html -> HTTP Error 404: Not Found
https://www.calculadorasdeenfermagem.com.br/en/simulado_pcr.html -> HTTP Error 404: Not Found
https://www.calculadorasdeenfermagem.com.br/vi/simulado-de-enfermagem-nucleo-de-seguranca-do-paciente.html -> HTTP Error 404: Not Found
https://www.calculadorasdeenfermagem.com.br/it/simulado-de-enfermagem-doencas-de-notificacao-compulsoria.html -> HTTP Error 404: Not Found
https://www.calculadorasdeenfermagem.com.br/es/simulado-de-enfermagem2.html -> HTTP Error 404: Not Found
https://www.calculadorasdeenfermagem.com.br/pl/simulado-de-enfermagem.html -> HTTP Error 404: Not Found
https://www.calculadorasdeenfermagem.com.br/ru/simulado-de-enfermagem4.html -> HTTP Error 404: Not Found
https://www.calculadorasdeenfermagem.com.br/tr/simulado-de-enfermagem3.html -> HTTP Error 404: Not Found
https://www.calculadorasdeenfermagem.com.br/ja/simulado_vacinacao.html -> HTTP Error 404: Not Found
https://www.calculadorasdeenfermagem.com.br/sv/simulado_pcr.html -> HTTP Error 404: Not Found
https://www.calculadorasdeenfermagem.com.br/sv/simulado-de-enfermagem2.html -> HTTP Error 404: Not Found
https://www.calculadorasdeenfermagem.com.br/zh/simulado-de-enfermagem-nucleo-de-seguranca-do-paciente.html -> HTTP Error 404: Not Found
https://www.calculadorasdeenfermagem.com.br/nl/simulado-de-enfermagem.html -> HTTP Error 404: Not Found
https://www.calculadorasdeenfermagem.com.br/fr/simulado-de-enfermagem3.html -> HTTP Error 404: Not Found
https://www.calculadorasdeenfermagem.com.br/es/simulado-de-enfermagem4.html -> HTTP Error 404: Not Found
https://www.calculadorasdeenfermagem.com.br/sv/simulado_vacinacao.html -> HTTP Error 404: Not Found
https://www.calculadorasdeenfermagem.com.br/vi/simulado_pcr.html -> HTTP Error 404: Not Found
https://www.calculadorasdeenfermagem.com.br/nl/simulado-de-enfermagem2.html -> HTTP Error 404: Not Found
https://www.calculadorasdeenfermagem.com.br/ko/simulado-de-enfermagem4.html -> HTTP Error 404: Not Found
https://www.calculadorasdeenfermagem.com.br/ar/simulado-de-enfermagem3.html -> HTTP Error 404: Not Found
https://www.calculadorasdeenfermagem.com.br/es/simulado_vacinacao.html -> HTTP Error 404: Not Found
https://www.calculadorasdeenfermagem.com.br/ar/simulado_pcr.html -> HTTP Error 404: Not Found
https://www.calculadorasdeenfermagem.com.br/img/og-terminologias.webp -> HTTP Error 404: Not Found
https://www.calculadorasdeenfermagem.com.br/vi/simulado-de-enfermagem2.html -> HTTP Error 404: Not Found
https://www.calculadorasdeenfermagem.com.br/uk/simulado-de-enfermagem3.html -> HTTP Error 404: Not Found
https://www.calculadorasdeenfermagem.com.br/de/simulado-de-enfermagem4.html -> HTTP Error 404: Not Found
https://www.calculadorasdeenfermagem.com.br/ar/simulado_vacinacao.html -> HTTP Error 404: Not Found
https://www.calculadorasdeenfermagem.com.br/id/simulado_pcr.html -> HTTP Error 404: Not Found
https://www.calculadorasdeenfermagem.com.br/uk/simulado-de-enfermagem4.html -> HTTP Error 404: Not Found
https://www.calculadorasdeenfermagem.com.br/de/simulado_vacinacao.html -> HTTP Error 404: Not Found
https://www.calculadorasdeenfermagem.com.br/ko/simulado_pcr.html -> HTTP Error 404: Not Found
https://www.calculadorasdeenfermagem.com.br/zh/simulado_vacinacao.html -> HTTP Error 404: Not Found
https://www.calculadorasdeenfermagem.com.br/pl/simulado_pcr.html -> HTTP Error 404: Not Found
https://www.calculadorasdeenfermagem.com.br/ko/simulado_vacinacao.html -> HTTP Error 404: Not Found
https://www.calculadorasdeenfermagem.com.br/nl/vigilancia.html -> HTTP Error 404: Not Found
https://www.calculadorasdeenfermagem.com.br/zh/simulado_pcr.html -> HTTP Error 404: Not Found
https://www.calculadorasdeenfermagem.com.br/simulado-vacinacao.html -> HTTP Error 404: Not Found
https://www.calculadorasdeenfermagem.com.br/ja/simulado_pcr.html -> HTTP Error 404: Not Found
https://www.calculadorasdeenfermagem.com.br/en/time-de-resposta-rapida.html -> HTTP Error 404: Not Found
https://www.calculadorasdeenfermagem.com.br/rapid-response-team.html -> HTTP Error 404: Not Found
https://www.calculadorasdeenfermagem.com.br/en/simulado_vacinacao.html -> HTTP Error 404: Not Found
https://www.calculadorasdeenfermagem.com.br/es/vigilancia.html -> HTTP Error 404: Not Found
https://www.calculadorasdeenfermagem.com.br/tr/simulado_pcr.html -> HTTP Error 404: Not Found
https://www.calculadorasdeenfermagem.com.br/id/simulado_vacinacao.html -> HTTP Error 404: Not Found
https://www.calculadorasdeenfermagem.com.br/it/vigilancia.html -> HTTP Error 404: Not Found
https://www.calculadorasdeenfermagem.com.br/simulado-pcr.html -> HTTP Error 404: Not Found
https://www.calculadorasdeenfermagem.com.br/pl/simulado_vacinacao.html -> HTTP Error 404: Not Found
https://www.calculadorasdeenfermagem.com.br/fr/vigilancia.html -> HTTP Error 404: Not Found
https://www.calculadorasdeenfermagem.com.br/it/simulado_pcr.html -> HTTP Error 404: Not Found
https://www.calculadorasdeenfermagem.com.br/tr/simulado_vacinacao.html -> HTTP Error 404: Not Found
https://www.calculadorasdeenfermagem.com.br/zh/vigilancia.html -> HTTP Error 404: Not Found
https://www.calculadorasdeenfermagem.com.br/hi/simulado_pcr.html -> HTTP Error 404: Not Found
https://www.calculadorasdeenfermagem.com.br/img/teoria-ambientalista-enfermagem.webp -> HTTP Error 404: Not Found
https://www.calculadorasdeenfermagem.com.br/ru/simulado_vacinacao.html -> HTTP Error 404: Not Found
https://www.calculadorasdeenfermagem.com.br/nl/simulado_pcr.html -> HTTP Error 404: Not Found
https://www.calculadorasdeenfermagem.com.br/ru/vigilancia.html -> HTTP Error 404: Not Found
https://www.calculadorasdeenfermagem.com.br/vi/simulado_vacinacao.html -> HTTP Error 404: Not Found
https://www.calculadorasdeenfermagem.com.br/ja/vigilancia.html -> HTTP Error 404: Not Found
https://www.calculadorasdeenfermagem.com.br/fr/downloads.template.html -> HTTP Error 404: Not Found
https://www.calculadorasdeenfermagem.com.br/institucional.html -> HTTP Error 404: Not Found
https://www.calculadorasdeenfermagem.com.br/sv/vigilancia.html -> HTTP Error 404: Not Found
https://www.calculadorasdeenfermagem.com.br/id/vigilancia.html -> HTTP Error 404: Not Found
https://www.calculadorasdeenfermagem.com.br/vi/vigilancia.html -> HTTP Error 404: Not Found
https://www.calculadorasdeenfermagem.com.br/hi/vigilancia.html -> HTTP Error 404: Not Found
https://www.calculadorasdeenfermagem.com.br/tr/vigilancia.html -> HTTP Error 404: Not Found
https://www.calculadorasdeenfermagem.com.br/ko/vigilancia.html -> HTTP Error 404: Not Found
https://www.calculadorasdeenfermagem.com.br/de/vigilancia.html -> HTTP Error 404: Not Found
https://www.calculadorasdeenfermagem.com.br/img/acls-fundamentos-visao-geral.webp -> HTTP Error 404: Not Found
https://www.calculadorasdeenfermagem.com.br/pl/vigilancia.html -> HTTP Error 404: Not Found
https://www.calculadorasdeenfermagem.com.br/ar/vigilancia.html -> HTTP Error 404: Not Found
https://www.calculadorasdeenfermagem.com.br/uk/vigilancia.html -> HTTP Error 404: Not Found
https://www.calculadorasdeenfermagem.com.br/de/downloads.template.html -> HTTP Error 404: Not Found
https://www.calculadorasdeenfermagem.com.br/zh/downloads.template.html -> HTTP Error 404: Not Found
https://www.calculadorasdeenfermagem.com.br/tr/downloads.template.html -> HTTP Error 404: Not Found
https://www.calculadorasdeenfermagem.com.br/en/downloads.template.html -> HTTP Error 404: Not Found
https://www.calculadorasdeenfermagem.com.br/uk/downloads.template.html -> HTTP Error 404: Not Found
https://www.calculadorasdeenfermagem.com.br/downloads/global-body-elements.html -> HTTP Error 404: Not Found
https://www.calculadorasdeenfermagem.com.br/downloads/menu-global.html -> HTTP Error 404: Not Found
https://www.calculadorasdeenfermagem.com.br/img/patientenubersicht.png -> HTTP Error 404: Not Found
https://www.calculadorasdeenfermagem.com.br/img/braden-skala.png -> HTTP Error 404: Not Found
https://www.calculadorasdeenfermagem.com.br/img/krankenplege-wettbewerb-simulator.png -> HTTP Error 404: Not Found
https://www.calculadorasdeenfermagem.com.br/img/arterielle-blutgas-analysegerat.png -> HTTP Error 404: Not Found
https://www.calculadorasdeenfermagem.com.br/biblioteca/gestao-do-tempo-prevencao-psicossocial.html -> HTTP Error 404: Not Found
https://www.calculadorasdeenfermagem.com.br/biblioteca/nr1-artigo-tecnico-completo.html -> HTTP Error 404: Not Found
https://www.calculadorasdeenfermagem.com.br/biblioteca/nr17-ergonomia-artigo-completo.html -> HTTP Error 404: Not Found
https://www.calculadorasdeenfermagem.com.br/img/riscos_psicossociais_nr1-calculadoras-de-enfermagem.webp -> HTTP Error 404: Not Found
https://www.calculadorasdeenfermagem.com.br/zh/politicadeacesibilidade.html -> HTTP Error 404: Not Found
https://www.calculadorasdeenfermagem.com.br/politicadeacesibilidade.html -> HTTP Error 404: Not Found
https://www.calculadorasdeenfermagem.com.br/fr/politicadeacesibilidade.html -> HTTP Error 404: Not Found
https://www.calculadorasdeenfermagem.com.br/pl/politicadeacesibilidade.html -> HTTP Error 404: Not Found
https://www.calculadorasdeenfermagem.com.br/en/politicadeacesibilidade.html -> HTTP Error 404: Not Found
https://www.calculadorasdeenfermagem.com.br/ru/politicadeacesibilidade.html -> HTTP Error 404: Not Found
https://www.calculadorasdeenfermagem.com.br/nl/politicadeacesibilidade.html -> HTTP Error 404: Not Found
https://www.calculadorasdeenfermagem.com.br/es/politicadeacesibilidade.html -> HTTP Error 404: Not Found
https://www.calculadorasdeenfermagem.com.br/sv/politicadeacesibilidade.html -> HTTP Error 404: Not Found
https://www.calculadorasdeenfermagem.com.br/uk/politicadeacesibilidade.html -> HTTP Error 404: Not Found
https://www.calculadorasdeenfermagem.com.br/ar/politicadeacesibilidade.html -> HTTP Error 404: Not Found
https://www.calculadorasdeenfermagem.com.br/id/politicadeacesibilidade.html -> HTTP Error 404: Not Found
https://www.calculadorasdeenfermagem.com.br/it/politicadeacesibilidade.html -> HTTP Error 404: Not Found
https://www.calculadorasdeenfermagem.com.br/vi/politicadeacesibilidade.html -> HTTP Error 404: Not Found
https://www.calculadorasdeenfermagem.com.br/ja/politicadeacessibilidade.html -> HTTP Error 404: Not Found
https://www.calculadorasdeenfermagem.com.br/ko/politicadeacesibilidade.html -> HTTP Error 404: Not Found
https://www.calculadorasdeenfermagem.com.br/de/politicadeacesibilidade.html -> HTTP Error 404: Not Found
https://www.calculadorasdeenfermagem.com.br/tr/politicadeacesibilidade.html -> HTTP Error 404: Not Found
https://www.calculadorasdeenfermagem.com.br/hi/politicadeacesibilidade.html -> HTTP Error 404: Not Found
https://www.calculadorasdeenfermagem.com.br/biblioteca/icone-dimensionamento-da-equipe-de-enfermagem.html -> HTTP Error 404: Not Found
https://www.calculadorasdeenfermagem.com.br/biblioteca/icone-calculo-de-gotejamento.html -> HTTP Error 404: Not Found
https://www.calculadorasdeenfermagem.com.br/biblioteca/slide-suporte-basico-de-vida-aha-2020.html -> HTTP Error 404: Not Found
https://www.calculadorasdeenfermagem.com.br/biblioteca/protocolo-de-rcp-adulto-2020-aha.html -> HTTP Error 404: Not Found
https://www.calculadorasdeenfermagem.com.br/biblioteca/nivel-de-consciencia-enfermagem.html -> HTTP Error 404: Not Found
https://www.calculadorasdeenfermagem.com.br/biblioteca/lista-de-diagnosticos-de-enfermagem-da-nanda-1-2018.html -> HTTP Error 404: Not Found
https://www.calculadorasdeenfermagem.com.br/img/capa-padrao.webp -> HTTP Error 404: Not Found
https://www.calculadorasdeenfermagem.com.br/biblioteca/formulario-meem-rio.html -> HTTP Error 404: Not Found
https://www.calculadorasdeenfermagem.com.br/biblioteca/gesto-1.html -> HTTP Error 404: Not Found
https://www.calculadorasdeenfermagem.com.br/vi/item.template.html -> HTTP Error 404: Not Found
https://www.calculadorasdeenfermagem.com.br/zh/item.template.html -> HTTP Error 404: Not Found
https://www.calculadorasdeenfermagem.com.br/nl/item.template.html -> HTTP Error 404: Not Found
https://www.calculadorasdeenfermagem.com.br/uk/item.template.html -> HTTP Error 404: Not Found
https://www.calculadorasdeenfermagem.com.br/it/item.template.html -> HTTP Error 404: Not Found
https://www.calculadorasdeenfermagem.com.br/en/item.template.html -> HTTP Error 404: Not Found
https://www.calculadorasdeenfermagem.com.br/id/item.template.html -> HTTP Error 404: Not Found
https://www.calculadorasdeenfermagem.com.br/ar/item.template.html -> HTTP Error 404: Not Found
https://www.calculadorasdeenfermagem.com.br/de/item.template.html -> HTTP Error 404: Not Found
https://www.calculadorasdeenfermagem.com.br/sv/item.template.html -> HTTP Error 404: Not Found
https://www.calculadorasdeenfermagem.com.br/fr/item.template.html -> HTTP Error 404: Not Found
https://www.calculadorasdeenfermagem.com.br/ru/item.template.html -> HTTP Error 404: Not Found
https://www.calculadorasdeenfermagem.com.br/tr/item.template.html -> HTTP Error 404: Not Found
https://www.calculadorasdeenfermagem.com.br/pl/item.template.html -> HTTP Error 404: Not Found
https://www.calculadorasdeenfermagem.com.br/ja/item.template.html -> HTTP Error 404: Not Found
https://www.calculadorasdeenfermagem.com.br/hi/item.template.html -> HTTP Error 404: Not Found
https://www.calculadorasdeenfermagem.com.br/es/item.template.html -> HTTP Error 404: Not Found
https://www.calculadorasdeenfermagem.com.br/ko/item.template.html -> HTTP Error 404: Not Found
https://www.calculadorasdeenfermagem.com.br/img/pagina_site_escala_braden.webp -> HTTP Error 404: Not Found
https://www.calculadorasdeenfermagem.com.br/img/enfermeira-pedindo-silencio_enfermagem_vestimenta_silencio.webp -> HTTP Error 404: Not Found
https://www.calculadorasdeenfermagem.com.br/img/resolucao-cofen-1-2024.webp -> HTTP Error 404: Not Found
https://www.calculadorasdeenfermagem.com.br/img/essencia-e-proposito-enfermagem.webp -> HTTP Error 404: Not Found
https://www.calculadorasdeenfermagem.com.br/img/livrosae-calculadoras-de-enfermagem.webp -> HTTP Error 404: Not Found
https://www.calculadorasdeenfermagem.com.br/it/calculo-hora-extra.html -> HTTP Error 404: Not Found
https://www.calculadorasdeenfermagem.com.br/it/calculadoravacina.html -> HTTP Error 404: Not Found
https://www.calculadorasdeenfermagem.com.br/it/flashcards_quiz.html -> HTTP Error 404: Not Found
https://www.calculadorasdeenfermagem.com.br/img/medicos-usando-estetoscopio.webp -> HTTP Error 404: Not Found
https://www.calculadorasdeenfermagem.com.br/it/simulado_bloco-operatorio.html -> HTTP Error 404: Not Found
https://www.calculadorasdeenfermagem.com.br/it/adicional-noturno.html -> HTTP Error 404: Not Found
https://www.calculadorasdeenfermagem.com.br/it/calculo-de-ferias.html -> HTTP Error 404: Not Found
https://www.calculadorasdeenfermagem.com.br/it/biblioteca-provas.html -> HTTP Error 404: Not Found
https://www.calculadorasdeenfermagem.com.br/it/calculo-rescisao.html -> HTTP Error 404: Not Found
https://www.calculadorasdeenfermagem.com.br/it/dimensionamento.html -> HTTP Error 404: Not Found
https://www.calculadorasdeenfermagem.com.br/it/notificacao-compulsoria.html -> HTTP Error 404: Not Found
https://www.calculadorasdeenfermagem.com.br/ar/calculo-hora-extra.html -> HTTP Error 404: Not Found
https://www.calculadorasdeenfermagem.com.br/ar/simulado_bloco-operatorio.html -> HTTP Error 404: Not Found
https://www.calculadorasdeenfermagem.com.br/ar/calculadoravacina.html -> HTTP Error 404: Not Found
https://www.calculadorasdeenfermagem.com.br/ar/flashcards_quiz.html -> HTTP Error 404: Not Found
https://www.calculadorasdeenfermagem.com.br/ar/adicional-noturno.html -> HTTP Error 404: Not Found
https://www.calculadorasdeenfermagem.com.br/ar/biblioteca-provas.html -> HTTP Error 404: Not Found
https://www.calculadorasdeenfermagem.com.br/ar/calculo-rescisao.html -> HTTP Error 404: Not Found
https://www.calculadorasdeenfermagem.com.br/ar/calculo-de-ferias.html -> HTTP Error 404: Not Found
https://www.calculadorasdeenfermagem.com.br/ar/dimensionamento.html -> HTTP Error 404: Not Found
https://www.calculadorasdeenfermagem.com.br/ar/notificacao-compulsoria.html -> HTTP Error 404: Not Found
https://www.calculadorasdeenfermagem.com.br/tr/calculo-hora-extra.html -> HTTP Error 404: Not Found
https://www.calculadorasdeenfermagem.com.br/tr/calculadoravacina.html -> HTTP Error 404: Not Found
https://www.calculadorasdeenfermagem.com.br/tr/flashcards_quiz.html -> HTTP Error 404: Not Found
https://www.calculadorasdeenfermagem.com.br/tr/simulado_bloco-operatorio.html -> HTTP Error 404: Not Found
https://www.calculadorasdeenfermagem.com.br/tr/adicional-noturno.html -> HTTP Error 404: Not Found
https://www.calculadorasdeenfermagem.com.br/tr/biblioteca-provas.html -> HTTP Error 404: Not Found
https://www.calculadorasdeenfermagem.com.br/tr/calculo-de-ferias.html -> HTTP Error 404: Not Found
https://www.calculadorasdeenfermagem.com.br/tr/calculo-rescisao.html -> HTTP Error 404: Not Found
https://www.calculadorasdeenfermagem.com.br/tr/dimensionamento.html -> HTTP Error 404: Not Found
https://www.calculadorasdeenfermagem.com.br/tr/notificacao-compulsoria.html -> HTTP Error 404: Not Found
https://www.calculadorasdeenfermagem.com.br/hi/calculo-hora-extra.html -> HTTP Error 404: Not Found
https://www.calculadorasdeenfermagem.com.br/hi/simulado_bloco-operatorio.html -> HTTP Error 404: Not Found
https://www.calculadorasdeenfermagem.com.br/hi/calculadoravacina.html -> HTTP Error 404: Not Found
https://www.calculadorasdeenfermagem.com.br/hi/flashcards_quiz.html -> HTTP Error 404: Not Found
https://www.calculadorasdeenfermagem.com.br/hi/adicional-noturno.html -> HTTP Error 404: Not Found
https://www.calculadorasdeenfermagem.com.br/hi/biblioteca-provas.html -> HTTP Error 404: Not Found
https://www.calculadorasdeenfermagem.com.br/uk/calculo-hora-extra.html -> HTTP Error 404: Not Found
https://www.calculadorasdeenfermagem.com.br/uk/flashcards_quiz.html -> HTTP Error 404: Not Found
https://www.calculadorasdeenfermagem.com.br/uk/simulado_bloco-operatorio.html -> HTTP Error 404: Not Found
https://www.calculadorasdeenfermagem.com.br/uk/adicional-noturno.html -> HTTP Error 404: Not Found
https://www.calculadorasdeenfermagem.com.br/uk/biblioteca-provas.html -> HTTP Error 404: Not Found
https://www.calculadorasdeenfermagem.com.br/uk/calculo-de-ferias.html -> HTTP Error 404: Not Found
https://www.calculadorasdeenfermagem.com.br/uk/calculo-rescisao.html -> HTTP Error 404: Not Found
https://www.calculadorasdeenfermagem.com.br/uk/dimensionamento.html -> HTTP Error 404: Not Found
https://www.calculadorasdeenfermagem.com.br/uk/notificacao-compulsoria.html -> HTTP Error 404: Not Found
https://www.calculadorasdeenfermagem.com.br/hi/calculo-de-ferias.html -> HTTP Error 404: Not Found
https://www.calculadorasdeenfermagem.com.br/hi/calculo-rescisao.html -> HTTP Error 404: Not Found
https://www.calculadorasdeenfermagem.com.br/hi/dimensionamento.html -> HTTP Error 404: Not Found
https://www.calculadorasdeenfermagem.com.br/hi/notificacao-compulsoria.html -> HTTP Error 404: Not Found
https://www.calculadorasdeenfermagem.com.br/de/calculo-hora-extra.html -> HTTP Error 404: Not Found
https://www.calculadorasdeenfermagem.com.br/de/calculadoravacina.html -> HTTP Error 404: Not Found
https://www.calculadorasdeenfermagem.com.br/de/flashcards_quiz.html -> HTTP Error 404: Not Found
https://www.calculadorasdeenfermagem.com.br/de/simulado_bloco-operatorio.html -> HTTP Error 404: Not Found
https://www.calculadorasdeenfermagem.com.br/de/adicional-noturno.html -> HTTP Error 404: Not Found
https://www.calculadorasdeenfermagem.com.br/de/biblioteca-provas.html -> HTTP Error 404: Not Found
https://www.calculadorasdeenfermagem.com.br/pl/calculo-hora-extra.html -> HTTP Error 404: Not Found
https://www.calculadorasdeenfermagem.com.br/pl/flashcards_quiz.html -> HTTP Error 404: Not Found
https://www.calculadorasdeenfermagem.com.br/pl/calculo-de-ferias.html -> HTTP Error 404: Not Found
https://www.calculadorasdeenfermagem.com.br/pl/adicional-noturno.html -> HTTP Error 404: Not Found
https://www.calculadorasdeenfermagem.com.br/pl/simulado_bloco-operatorio.html -> HTTP Error 404: Not Found
https://www.calculadorasdeenfermagem.com.br/pl/biblioteca-provas.html -> HTTP Error 404: Not Found
https://www.calculadorasdeenfermagem.com.br/pl/calculo-rescisao.html -> HTTP Error 404: Not Found
https://www.calculadorasdeenfermagem.com.br/pl/dimensionamento.html -> HTTP Error 404: Not Found
https://www.calculadorasdeenfermagem.com.br/pl/notificacao-compulsoria.html -> HTTP Error 404: Not Found
https://www.calculadorasdeenfermagem.com.br/de/calculo-de-ferias.html -> HTTP Error 404: Not Found
https://www.calculadorasdeenfermagem.com.br/de/calculo-rescisao.html -> HTTP Error 404: Not Found
https://www.calculadorasdeenfermagem.com.br/de/dimensionamento.html -> HTTP Error 404: Not Found
https://www.calculadorasdeenfermagem.com.br/de/manchester.html -> HTTP Error 404: Not Found
https://www.calculadorasdeenfermagem.com.br/de/notificacao-compulsoria.html -> HTTP Error 404: Not Found
https://www.calculadorasdeenfermagem.com.br/es/calculadoravacina.html -> HTTP Error 404: Not Found
https://www.calculadorasdeenfermagem.com.br/es/calculo-hora-extra.html -> HTTP Error 404: Not Found
https://www.calculadorasdeenfermagem.com.br/es/flashcards_quiz.html -> HTTP Error 404: Not Found
https://www.calculadorasdeenfermagem.com.br/es/simulado_bloco-operatorio.html -> HTTP Error 404: Not Found
https://www.calculadorasdeenfermagem.com.br/es/adicional-noturno.html -> HTTP Error 404: Not Found
https://www.calculadorasdeenfermagem.com.br/es/biblioteca-provas.html -> HTTP Error 404: Not Found
https://www.calculadorasdeenfermagem.com.br/es/calculo-de-ferias.html -> HTTP Error 404: Not Found
https://www.calculadorasdeenfermagem.com.br/es/calculo-rescisao.html -> HTTP Error 404: Not Found
https://www.calculadorasdeenfermagem.com.br/es/dimensionamento.html -> HTTP Error 404: Not Found
https://www.calculadorasdeenfermagem.com.br/es/notificacao-compulsoria.html -> HTTP Error 404: Not Found
https://www.calculadorasdeenfermagem.com.br/ja/calculo-hora-extra.html -> HTTP Error 404: Not Found
https://www.calculadorasdeenfermagem.com.br/ja/calculadoravacina.html -> HTTP Error 404: Not Found
https://www.calculadorasdeenfermagem.com.br/ja/simulado_bloco-operatorio.html -> HTTP Error 404: Not Found
https://www.calculadorasdeenfermagem.com.br/ja/flashcards_quiz.html -> HTTP Error 404: Not Found
https://www.calculadorasdeenfermagem.com.br/ja/adicional-noturno.html -> HTTP Error 404: Not Found
https://www.calculadorasdeenfermagem.com.br/ja/biblioteca-provas.html -> HTTP Error 404: Not Found
https://www.calculadorasdeenfermagem.com.br/ja/calculo-rescisao.html -> HTTP Error 404: Not Found
https://www.calculadorasdeenfermagem.com.br/ja/calculo-de-ferias.html -> HTTP Error 404: Not Found
https://www.calculadorasdeenfermagem.com.br/ja/dimensionamento.html -> HTTP Error 404: Not Found
https://www.calculadorasdeenfermagem.com.br/ja/notificacao-compulsoria.html -> HTTP Error 404: Not Found
https://www.calculadorasdeenfermagem.com.br/nl/calculo-hora-extra.html -> HTTP Error 404: Not Found
https://www.calculadorasdeenfermagem.com.br/nl/flashcards_quiz.html -> HTTP Error 404: Not Found
https://www.calculadorasdeenfermagem.com.br/nl/simulado_bloco-operatorio.html -> HTTP Error 404: Not Found
https://www.calculadorasdeenfermagem.com.br/nl/adicional-noturno.html -> HTTP Error 404: Not Found
https://www.calculadorasdeenfermagem.com.br/nl/biblioteca-provas.html -> HTTP Error 404: Not Found
https://www.calculadorasdeenfermagem.com.br/nl/calculo-de-ferias.html -> HTTP Error 404: Not Found
https://www.calculadorasdeenfermagem.com.br/nl/calculo-rescisao.html -> HTTP Error 404: Not Found
https://www.calculadorasdeenfermagem.com.br/nl/dimensionamento.html -> HTTP Error 404: Not Found
https://www.calculadorasdeenfermagem.com.br/nl/notificacao-compulsoria.html -> HTTP Error 404: Not Found
https://www.calculadorasdeenfermagem.com.br/fr/calculo-hora-extra.html -> HTTP Error 404: Not Found
https://www.calculadorasdeenfermagem.com.br/vi/calculo-hora-extra.html -> HTTP Error 404: Not Found
https://www.calculadorasdeenfermagem.com.br/ru/calculo-hora-extra.html -> HTTP Error 404: Not Found
https://www.calculadorasdeenfermagem.com.br/zh/calculo-hora-extra.html -> HTTP Error 404: Not Found
https://www.calculadorasdeenfermagem.com.br/fr/calculadoravacina.html -> HTTP Error 404: Not Found
https://www.calculadorasdeenfermagem.com.br/ru/calculadoravacina.html -> HTTP Error 404: Not Found
https://www.calculadorasdeenfermagem.com.br/zh/calculadoravacina.html -> HTTP Error 404: Not Found
https://www.calculadorasdeenfermagem.com.br/fr/flashcards_quiz.html -> HTTP Error 404: Not Found
https://www.calculadorasdeenfermagem.com.br/vi/flashcards_quiz.html -> HTTP Error 404: Not Found
https://www.calculadorasdeenfermagem.com.br/ru/flashcards_quiz.html -> HTTP Error 404: Not Found
https://www.calculadorasdeenfermagem.com.br/zh/flashcards_quiz.html -> HTTP Error 404: Not Found
https://www.calculadorasdeenfermagem.com.br/fr/simulado_bloco-operatorio.html -> HTTP Error 404: Not Found
https://www.calculadorasdeenfermagem.com.br/vi/simulado_bloco-operatorio.html -> HTTP Error 404: Not Found
https://www.calculadorasdeenfermagem.com.br/ru/simulado_bloco-operatorio.html -> HTTP Error 404: Not Found
https://www.calculadorasdeenfermagem.com.br/zh/simulado_bloco-operatorio.html -> HTTP Error 404: Not Found
https://www.calculadorasdeenfermagem.com.br/fr/adicional-noturno.html -> HTTP Error 404: Not Found
https://www.calculadorasdeenfermagem.com.br/vi/adicional-noturno.html -> HTTP Error 404: Not Found
https://www.calculadorasdeenfermagem.com.br/en/calculo-hora-extra.html -> HTTP Error 404: Not Found
https://www.calculadorasdeenfermagem.com.br/sv/calculo-hora-extra.html -> HTTP Error 404: Not Found
https://www.calculadorasdeenfermagem.com.br/ru/adicional-noturno.html -> HTTP Error 404: Not Found
https://www.calculadorasdeenfermagem.com.br/zh/adicional-noturno.html -> HTTP Error 404: Not Found
https://www.calculadorasdeenfermagem.com.br/ko/calculo-hora-extra.html -> HTTP Error 404: Not Found
https://www.calculadorasdeenfermagem.com.br/fr/biblioteca-provas.html -> HTTP Error 404: Not Found
https://www.calculadorasdeenfermagem.com.br/vi/biblioteca-provas.html -> HTTP Error 404: Not Found
https://www.calculadorasdeenfermagem.com.br/en/calculadoravacina.html -> HTTP Error 404: Not Found
https://www.calculadorasdeenfermagem.com.br/ko/calculadoravacina.html -> HTTP Error 404: Not Found
https://www.calculadorasdeenfermagem.com.br/zh/biblioteca-provas.html -> HTTP Error 404: Not Found
https://www.calculadorasdeenfermagem.com.br/ru/biblioteca-provas.html -> HTTP Error 404: Not Found
https://www.calculadorasdeenfermagem.com.br/fr/calculo-de-ferias.html -> HTTP Error 404: Not Found
https://www.calculadorasdeenfermagem.com.br/vi/calculo-de-ferias.html -> HTTP Error 404: Not Found
https://www.calculadorasdeenfermagem.com.br/id/calculo-hora-extra.html -> HTTP Error 404: Not Found
https://www.calculadorasdeenfermagem.com.br/en/flashcards_quiz.html -> HTTP Error 404: Not Found
https://www.calculadorasdeenfermagem.com.br/sv/flashcards_quiz.html -> HTTP Error 404: Not Found
https://www.calculadorasdeenfermagem.com.br/ru/calculo-de-ferias.html -> HTTP Error 404: Not Found
https://www.calculadorasdeenfermagem.com.br/zh/calculo-de-ferias.html -> HTTP Error 404: Not Found
https://www.calculadorasdeenfermagem.com.br/fr/calculo-rescisao.html -> HTTP Error 404: Not Found
https://www.calculadorasdeenfermagem.com.br/ko/simulado_bloco-operatorio.html -> HTTP Error 404: Not Found
https://www.calculadorasdeenfermagem.com.br/vi/calculo-rescisao.html -> HTTP Error 404: Not Found
https://www.calculadorasdeenfermagem.com.br/id/calculadoravacina.html -> HTTP Error 404: Not Found
https://www.calculadorasdeenfermagem.com.br/en/simulado_bloco-operatorio.html -> HTTP Error 404: Not Found
https://www.calculadorasdeenfermagem.com.br/sv/simulado_bloco-operatorio.html -> HTTP Error 404: Not Found
https://www.calculadorasdeenfermagem.com.br/zh/calculo-rescisao.html -> HTTP Error 404: Not Found
https://www.calculadorasdeenfermagem.com.br/ko/flashcards_quiz.html -> HTTP Error 404: Not Found
https://www.calculadorasdeenfermagem.com.br/ru/calculo-rescisao.html -> HTTP Error 404: Not Found
https://www.calculadorasdeenfermagem.com.br/fr/dimensionamento.html -> HTTP Error 404: Not Found
https://www.calculadorasdeenfermagem.com.br/vi/dimensionamento.html -> HTTP Error 404: Not Found
https://www.calculadorasdeenfermagem.com.br/id/flashcards_quiz.html -> HTTP Error 404: Not Found
https://www.calculadorasdeenfermagem.com.br/en/adicional-noturno.html -> HTTP Error 404: Not Found
https://www.calculadorasdeenfermagem.com.br/sv/adicional-noturno.html -> HTTP Error 404: Not Found
https://www.calculadorasdeenfermagem.com.br/ru/dimensionamento.html -> HTTP Error 404: Not Found
https://www.calculadorasdeenfermagem.com.br/zh/dimensionamento.html -> HTTP Error 404: Not Found
https://www.calculadorasdeenfermagem.com.br/ko/adicional-noturno.html -> HTTP Error 404: Not Found
https://www.calculadorasdeenfermagem.com.br/id/simulado_bloco-operatorio.html -> HTTP Error 404: Not Found
https://www.calculadorasdeenfermagem.com.br/en/biblioteca-provas.html -> HTTP Error 404: Not Found
https://www.calculadorasdeenfermagem.com.br/sv/biblioteca-provas.html -> HTTP Error 404: Not Found
https://www.calculadorasdeenfermagem.com.br/ko/biblioteca-provas.html -> HTTP Error 404: Not Found
https://www.calculadorasdeenfermagem.com.br/fr/notificacao-compulsoria.html -> HTTP Error 404: Not Found
https://www.calculadorasdeenfermagem.com.br/en/calculo-de-ferias.html -> HTTP Error 404: Not Found
https://www.calculadorasdeenfermagem.com.br/id/adicional-noturno.html -> HTTP Error 404: Not Found
https://www.calculadorasdeenfermagem.com.br/vi/notificacao-compulsoria.html -> HTTP Error 404: Not Found
https://www.calculadorasdeenfermagem.com.br/sv/calculo-de-ferias.html -> HTTP Error 404: Not Found
https://www.calculadorasdeenfermagem.com.br/ru/notificacao-compulsoria.html -> HTTP Error 404: Not Found
https://www.calculadorasdeenfermagem.com.br/zh/notificacao-compulsoria.html -> HTTP Error 404: Not Found
https://www.calculadorasdeenfermagem.com.br/ko/calculo-de-ferias.html -> HTTP Error 404: Not Found
https://www.calculadorasdeenfermagem.com.br/id/biblioteca-provas.html -> HTTP Error 404: Not Found
https://www.calculadorasdeenfermagem.com.br/en/calculo-rescisao.html -> HTTP Error 404: Not Found
https://www.calculadorasdeenfermagem.com.br/sv/calculo-rescisao.html -> HTTP Error 404: Not Found
https://www.calculadorasdeenfermagem.com.br/ko/calculo-rescisao.html -> HTTP Error 404: Not Found
https://www.calculadorasdeenfermagem.com.br/en/dimensionamento.html -> HTTP Error 404: Not Found
https://www.calculadorasdeenfermagem.com.br/id/calculo-de-ferias.html -> HTTP Error 404: Not Found
https://www.calculadorasdeenfermagem.com.br/sv/dimensionamento.html -> HTTP Error 404: Not Found
https://www.calculadorasdeenfermagem.com.br/ko/dimensionamento.html -> HTTP Error 404: Not Found
https://www.calculadorasdeenfermagem.com.br/id/calculo-rescisao.html -> HTTP Error 404: Not Found
https://www.calculadorasdeenfermagem.com.br/en/notificacao-compulsoria.html -> HTTP Error 404: Not Found
https://www.calculadorasdeenfermagem.com.br/ko/notificacao-compulsoria.html -> HTTP Error 404: Not Found
https://www.calculadorasdeenfermagem.com.br/sv/notificacao-compulsoria.html -> HTTP Error 404: Not Found
https://www.calculadorasdeenfermagem.com.br/id/dimensionamento.html -> HTTP Error 404: Not Found
https://www.calculadorasdeenfermagem.com.br/id/notificacao-compulsoria.html -> HTTP Error 404: Not Found
https://www.calculadorasdeenfermagem.com.br/ar/favicon.ico -> HTTP Error 404: Not Found
https://www.calculadorasdeenfermagem.com.br/bandeira-italia.webp -> HTTP Error 404: Not Found
https://www.calculadorasdeenfermagem.com.br/bandeira-eua.webp -> HTTP Error 404: Not Found
https://www.calculadorasdeenfermagem.com.br/bandeira-suecia.webp -> HTTP Error 404: Not Found
https://www.calculadorasdeenfermagem.com.br/bandeira-franca.webp -> HTTP Error 404: Not Found
https://www.calculadorasdeenfermagem.com.br/bandeira-china.webp -> HTTP Error 404: Not Found
https://www.calculadorasdeenfermagem.com.br/bandeira-india.webp -> HTTP Error 404: Not Found
https://www.calculadorasdeenfermagem.com.br/bandeira-coreia-sul.webp -> HTTP Error 404: Not Found
https://www.calculadorasdeenfermagem.com.br/bandeira-espanha.webp -> HTTP Error 404: Not Found
https://www.calculadorasdeenfermagem.com.br/bandeira-alemanha.webp -> HTTP Error 404: Not Found
https://www.calculadorasdeenfermagem.com.br/bandeira-japao.webp -> HTTP Error 404: Not Found
https://www.calculadorasdeenfermagem.com.br/bandeira-russia.webp -> HTTP Error 404: Not Found
https://www.calculadorasdeenfermagem.com.br/bandeira-holanda.webp -> HTTP Error 404: Not Found
https://www.calculadorasdeenfermagem.com.br/bandeira-arabia-saudita.webp -> HTTP Error 404: Not Found
https://www.calculadorasdeenfermagem.com.br/bandeira-turquia.webp -> HTTP Error 404: Not Found
https://www.calculadorasdeenfermagem.com.br/bandeira-indonesia.webp -> HTTP Error 404: Not Found
https://www.calculadorasdeenfermagem.com.br/bandeira-ucrania.webp -> HTTP Error 404: Not Found
https://www.calculadorasdeenfermagem.com.br/bandeira-vietna.webp -> HTTP Error 404: Not Found
https://www.calculadorasdeenfermagem.com.br/bandeira-polonia.webp -> HTTP Error 404: Not Found
https://www.calculadorasdeenfermagem.com.br/zh/rass.html -> HTTP Error 404: Not Found
https://www.calculadorasdeenfermagem.com.br/zh/cpot.html -> HTTP Error 404: Not Found
https://www.calculadorasdeenfermagem.com.br/sv/rass.html -> HTTP Error 404: Not Found
https://www.calculadorasdeenfermagem.com.br/sv/cpot.html -> HTTP Error 404: Not Found
https://www.calculadorasdeenfermagem.com.br/nl/rass.html -> HTTP Error 404: Not Found
https://www.calculadorasdeenfermagem.com.br/nl/cpot.html -> HTTP Error 404: Not Found
https://www.calculadorasdeenfermagem.com.br/id/rass.html -> HTTP Error 404: Not Found
https://www.calculadorasdeenfermagem.com.br/id/cpot.html -> HTTP Error 404: Not Found
https://www.calculadorasdeenfermagem.com.br/vi/rass.html -> HTTP Error 404: Not Found
https://www.calculadorasdeenfermagem.com.br/vi/cpot.html -> HTTP Error 404: Not Found
https://www.calculadorasdeenfermagem.com.br/it/rass.html -> HTTP Error 404: Not Found
https://www.calculadorasdeenfermagem.com.br/it/cpot.html -> HTTP Error 404: Not Found
https://www.calculadorasdeenfermagem.com.br/ja/rass.html -> HTTP Error 404: Not Found
https://www.calculadorasdeenfermagem.com.br/ja/cpot.html -> HTTP Error 404: Not Found
https://www.calculadorasdeenfermagem.com.br/fr/rass.html -> HTTP Error 404: Not Found
https://www.calculadorasdeenfermagem.com.br/fr/cpot.html -> HTTP Error 404: Not Found
https://www.calculadorasdeenfermagem.com.br/ko/rass.html -> HTTP Error 404: Not Found
https://www.calculadorasdeenfermagem.com.br/ko/cpot.html -> HTTP Error 404: Not Found
https://www.calculadorasdeenfermagem.com.br/en/rass.html -> HTTP Error 404: Not Found
https://www.calculadorasdeenfermagem.com.br/en/cpot.html -> HTTP Error 404: Not Found
https://www.calculadorasdeenfermagem.com.br/pl/rass.html -> HTTP Error 404: Not Found
https://www.calculadorasdeenfermagem.com.br/pl/cpot.html -> HTTP Error 404: Not Found
https://www.calculadorasdeenfermagem.com.br/ru/rass.html -> HTTP Error 404: Not Found
https://www.calculadorasdeenfermagem.com.br/ru/cpot.html -> HTTP Error 404: Not Found
https://www.calculadorasdeenfermagem.com.br/de/rass.html -> HTTP Error 404: Not Found
https://www.calculadorasdeenfermagem.com.br/de/cpot.html -> HTTP Error 404: Not Found
https://www.calculadorasdeenfermagem.com.br/es/rass.html -> HTTP Error 404: Not Found
https://www.calculadorasdeenfermagem.com.br/es/cpot.html -> HTTP Error 404: Not Found
https://www.calculadorasdeenfermagem.com.br/uk/rass.html -> HTTP Error 404: Not Found
https://www.calculadorasdeenfermagem.com.br/uk/cpot.html -> HTTP Error 404: Not Found
https://www.calculadorasdeenfermagem.com.br/tr/cpot.html -> HTTP Error 404: Not Found
https://www.calculadorasdeenfermagem.com.br/tr/rass.html -> HTTP Error 404: Not Found
https://www.calculadorasdeenfermagem.com.br/ar/rass.html -> HTTP Error 404: Not Found
https://www.calculadorasdeenfermagem.com.br/ar/cpot.html -> HTTP Error 404: Not Found
https://www.calculadorasdeenfermagem.com.br/hi/rass.html -> HTTP Error 404: Not Found
https://www.calculadorasdeenfermagem.com.br/de/forum-enfermagem.html -> HTTP Error 404: Not Found
https://www.calculadorasdeenfermagem.com.br/hi/cpot.html -> HTTP Error 404: Not Found
https://www.calculadorasdeenfermagem.com.br/fr/forum-enfermagem.html -> HTTP Error 404: Not Found
https://www.calculadorasdeenfermagem.com.br/en/forum-enfermagem.html -> HTTP Error 404: Not Found
https://www.calculadorasdeenfermagem.com.br/tr/forum-enfermagem.html -> HTTP Error 404: Not Found
https://www.calculadorasdeenfermagem.com.br/hi/forum-enfermagem.html -> HTTP Error 404: Not Found
https://www.calculadorasdeenfermagem.com.br/ko/forum-enfermagem.html -> HTTP Error 404: Not Found
https://www.calculadorasdeenfermagem.com.br/sv/forum-enfermagem.html -> HTTP Error 404: Not Found
https://www.calculadorasdeenfermagem.com.br/it/forum-enfermagem.html -> HTTP Error 404: Not Found
https://www.calculadorasdeenfermagem.com.br/ru/forum-enfermagem.html -> HTTP Error 404: Not Found
https://www.calculadorasdeenfermagem.com.br/zh/forum-enfermagem.html -> HTTP Error 404: Not Found
https://www.calculadorasdeenfermagem.com.br/uk/forum-enfermagem.html -> HTTP Error 404: Not Found
https://www.calculadorasdeenfermagem.com.br/id/forum-enfermagem.html -> HTTP Error 404: Not Found
https://www.calculadorasdeenfermagem.com.br/nl/forum-enfermagem.html -> HTTP Error 404: Not Found
https://www.calculadorasdeenfermagem.com.br/pl/forum-enfermagem.html -> HTTP Error 404: Not Found
https://www.calculadorasdeenfermagem.com.br/ar/forum-enfermagem.html -> HTTP Error 404: Not Found
https://www.calculadorasdeenfermagem.com.br/ja/forum-enfermagem.html -> HTTP Error 404: Not Found
https://www.calculadorasdeenfermagem.com.br/hi/calculadoras.html -> HTTP Error 404: Not Found
https://www.calculadorasdeenfermagem.com.br/vi/forum-enfermagem.html -> HTTP Error 404: Not Found
https://www.calculadorasdeenfermagem.com.br/id/seringainsulina-calculadoras-de-enfermagem.webp -> HTTP Error 404: Not Found
https://www.calculadorasdeenfermagem.com.br/it/seringainsulina-calculadoras-de-enfermagem.webp -> HTTP Error 404: Not Found
https://www.calculadorasdeenfermagem.com.br/fr/seringainsulina-calculadoras-de-enfermagem.webp -> HTTP Error 404: Not Found
https://www.calculadorasdeenfermagem.com.br/sv/livronanda-calculadoras-de-enfermagem.webp -> HTTP Error 404: Not Found
https://www.calculadorasdeenfermagem.com.br/ar/seringainsulina-calculadoras-de-enfermagem.webp -> HTTP Error 404: Not Found
https://www.calculadorasdeenfermagem.com.br/de/seringainsulina-calculadoras-de-enfermagem.webp -> HTTP Error 404: Not Found
https://www.calculadorasdeenfermagem.com.br/zh/seringainsulina-calculadoras-de-enfermagem.webp -> HTTP Error 404: Not Found
https://www.calculadorasdeenfermagem.com.br/sv/seringainsulina-calculadoras-de-enfermagem.webp -> HTTP Error 404: Not Found
https://www.calculadorasdeenfermagem.com.br/uk/seringainsulina-calculadoras-de-enfermagem.webp -> HTTP Error 404: Not Found
https://www.calculadorasdeenfermagem.com.br/vi/seringainsulina-calculadoras-de-enfermagem.webp -> HTTP Error 404: Not Found
https://www.calculadorasdeenfermagem.com.br/pl/seringainsulina-calculadoras-de-enfermagem.webp -> HTTP Error 404: Not Found
https://www.calculadorasdeenfermagem.com.br/doacoes.html -> HTTP Error 404: Not Found
https://www.calculadorasdeenfermagem.com.br/politicadeacessibilidade.html -> HTTP Error 404: Not Found
https://www.calculadorasdeenfermagem.com.br/impactodigital.html -> HTTP Error 404: Not Found
https://www.calculadorasdeenfermagem.com.br/concurso.html -> HTTP Error 404: Not Found
https://www.calculadorasdeenfermagem.com.br/nossocompromisso.html -> HTTP Error 404: Not Found
https://www.calculadorasdeenfermagem.com.br/forum.html -> HTTP Error 404: Not Found
https://www.calculadorasdeenfermagem.com.br/heparina.html -> HTTP Error 404: Not Found
https://www.calculadorasdeenfermagem.com.br/ja/doacoes.html -> HTTP Error 404: Not Found
https://www.calculadorasdeenfermagem.com.br/ja/regrasmedicacoes.html -> HTTP Error 404: Not Found
https://www.calculadorasdeenfermagem.com.br/ja/forum.html -> HTTP Error 404: Not Found
https://www.calculadorasdeenfermagem.com.br/ja/legislacoes.html -> HTTP Error 404: Not Found
https://www.calculadorasdeenfermagem.com.br/ja/checagem.html -> HTTP Error 404: Not Found
https://www.calculadorasdeenfermagem.com.br/ja/heparina.html -> HTTP Error 404: Not Found
https://www.calculadorasdeenfermagem.com.br/ja/impactodigital.html -> HTTP Error 404: Not Found
https://www.calculadorasdeenfermagem.com.br/ja/nossocompromisso.html -> HTTP Error 404: Not Found
https://www.calculadorasdeenfermagem.com.br/ja/concurso.html -> HTTP Error 404: Not Found
https://www.calculadorasdeenfermagem.com.br/en/regrasmedicacoes.html -> HTTP Error 404: Not Found
https://www.calculadorasdeenfermagem.com.br/nl/seringainsulina-calculadoras-de-enfermagem.webp -> HTTP Error 404: Not Found
https://www.calculadorasdeenfermagem.com.br/fr/regrasmedicacoes.html -> HTTP Error 404: Not Found
https://www.calculadorasdeenfermagem.com.br/ru/seringainsulina-calculadoras-de-enfermagem.webp -> HTTP Error 404: Not Found
https://www.calculadorasdeenfermagem.com.br/es/regrasmedicacoes.html -> HTTP Error 404: Not Found
https://www.calculadorasdeenfermagem.com.br/ko/doacoes.html -> HTTP Error 404: Not Found
https://www.calculadorasdeenfermagem.com.br/ko/heparina.html -> HTTP Error 404: Not Found
https://www.calculadorasdeenfermagem.com.br/ko/forum.html -> HTTP Error 404: Not Found
https://www.calculadorasdeenfermagem.com.br/ko/regrasmedicacoes.html -> HTTP Error 404: Not Found
https://www.calculadorasdeenfermagem.com.br/ko/politicadeacessibilidade.html -> HTTP Error 404: Not Found
https://www.calculadorasdeenfermagem.com.br/ko/checagem.html -> HTTP Error 404: Not Found
https://www.calculadorasdeenfermagem.com.br/ko/legislacoes.html -> HTTP Error 404: Not Found
https://www.calculadorasdeenfermagem.com.br/ko/impactodigital.html -> HTTP Error 404: Not Found
https://www.calculadorasdeenfermagem.com.br/ko/nossocompromisso.html -> HTTP Error 404: Not Found
https://www.calculadorasdeenfermagem.com.br/ko/concurso.html -> HTTP Error 404: Not Found
https://www.calculadorasdeenfermagem.com.br/it/regrasmedicacoes.html -> HTTP Error 404: Not Found
https://www.calculadorasdeenfermagem.com.br/fr/checagem.html -> HTTP Error 404: Not Found
https://www.calculadorasdeenfermagem.com.br/fr/doacoes.html -> HTTP Error 404: Not Found
https://www.calculadorasdeenfermagem.com.br/fr/concurso.html -> HTTP Error 404: Not Found
https://www.calculadorasdeenfermagem.com.br/fr/politicadeacessibilidade.html -> HTTP Error 404: Not Found
https://www.calculadorasdeenfermagem.com.br/fr/forum.html -> HTTP Error 404: Not Found
https://www.calculadorasdeenfermagem.com.br/fr/heparina.html -> HTTP Error 404: Not Found
https://www.calculadorasdeenfermagem.com.br/fr/legislacoes.html -> HTTP Error 404: Not Found
https://www.calculadorasdeenfermagem.com.br/fr/impactodigital.html -> HTTP Error 404: Not Found
https://www.calculadorasdeenfermagem.com.br/fr/nossocompromisso.html -> HTTP Error 404: Not Found
https://www.calculadorasdeenfermagem.com.br/zh/regrasmedicacoes.html -> HTTP Error 404: Not Found
https://www.calculadorasdeenfermagem.com.br/tr/seringainsulina-calculadoras-de-enfermagem.webp -> HTTP Error 404: Not Found
https://www.calculadorasdeenfermagem.com.br/es/forum-enfermagem.html -> HTTP Error 404: Not Found
https://www.calculadorasdeenfermagem.com.br/uk/regrasmedicacoes.html -> HTTP Error 404: Not Found
https://www.calculadorasdeenfermagem.com.br/de/regrasmedicacoes.html -> HTTP Error 404: Not Found
https://www.calculadorasdeenfermagem.com.br/de/forum.html -> HTTP Error 404: Not Found
https://www.calculadorasdeenfermagem.com.br/de/impactodigital.html -> HTTP Error 404: Not Found
https://www.calculadorasdeenfermagem.com.br/de/politicadeacessibilidade.html -> HTTP Error 404: Not Found
https://www.calculadorasdeenfermagem.com.br/de/doacoes.html -> HTTP Error 404: Not Found
https://www.calculadorasdeenfermagem.com.br/de/nossocompromisso.html -> HTTP Error 404: Not Found
https://www.calculadorasdeenfermagem.com.br/de/heparina.html -> HTTP Error 404: Not Found
https://www.calculadorasdeenfermagem.com.br/de/legislacoes.html -> HTTP Error 404: Not Found
https://www.calculadorasdeenfermagem.com.br/de/concurso.html -> HTTP Error 404: Not Found
https://www.calculadorasdeenfermagem.com.br/de/checagem.html -> HTTP Error 404: Not Found
https://www.calculadorasdeenfermagem.com.br/tr/checagem.html -> HTTP Error 404: Not Found
https://www.calculadorasdeenfermagem.com.br/tr/heparina.html -> HTTP Error 404: Not Found
https://www.calculadorasdeenfermagem.com.br/tr/legislacoes.html -> HTTP Error 404: Not Found
https://www.calculadorasdeenfermagem.com.br/tr/impactodigital.html -> HTTP Error 404: Not Found
https://www.calculadorasdeenfermagem.com.br/tr/nossocompromisso.html -> HTTP Error 404: Not Found
https://www.calculadorasdeenfermagem.com.br/tr/regrasmedicacoes.html -> HTTP Error 404: Not Found
https://www.calculadorasdeenfermagem.com.br/tr/forum.html -> HTTP Error 404: Not Found
https://www.calculadorasdeenfermagem.com.br/tr/politicadeacessibilidade.html -> HTTP Error 404: Not Found
https://www.calculadorasdeenfermagem.com.br/tr/concurso.html -> HTTP Error 404: Not Found
https://www.calculadorasdeenfermagem.com.br/pl/regrasmedicacoes.html -> HTTP Error 404: Not Found
https://www.calculadorasdeenfermagem.com.br/tr/doacoes.html -> HTTP Error 404: Not Found
https://www.calculadorasdeenfermagem.com.br/ar/regrasmedicacoes.html -> HTTP Error 404: Not Found
https://www.calculadorasdeenfermagem.com.br/ru/orientacoes-tecnicas.html -> HTTP Error 404: Not Found
https://www.calculadorasdeenfermagem.com.br/ru/depoimentos.html -> HTTP Error 404: Not Found
https://www.calculadorasdeenfermagem.com.br/ru/calculadora-drip-dopamina.html -> HTTP Error 404: Not Found
https://www.calculadorasdeenfermagem.com.br/ru/convert-volume.html -> HTTP Error 404: Not Found
https://www.calculadorasdeenfermagem.com.br/ru/dicionario-medico.html -> HTTP Error 404: Not Found
https://www.calculadorasdeenfermagem.com.br/ru/guias-telemedicina.html -> HTTP Error 404: Not Found
https://www.calculadorasdeenfermagem.com.br/ru/calculadora-robbin.html -> HTTP Error 404: Not Found
https://www.calculadorasdeenfermagem.com.br/ru/calculadora-frichter.html -> HTTP Error 404: Not Found
https://www.calculadorasdeenfermagem.com.br/ru/calculadora-mac.html -> HTTP Error 404: Not Found
https://www.calculadorasdeenfermagem.com.br/ru/convert-peso.html -> HTTP Error 404: Not Found
https://www.calculadorasdeenfermagem.com.br/ru/referencias-bibliograficas.html -> HTTP Error 404: Not Found
https://www.calculadorasdeenfermagem.com.br/ru/impactodigital.html -> HTTP Error 404: Not Found
https://www.calculadorasdeenfermagem.com.br/ru/calculadora-anatomy.html -> HTTP Error 404: Not Found
https://www.calculadorasdeenfermagem.com.br/ru/cookies.html -> HTTP Error 404: Not Found
https://www.calculadorasdeenfermagem.com.br/ru/politicadeacessibilidade.html -> HTTP Error 404: Not Found
https://www.calculadorasdeenfermagem.com.br/ru/protocolo-anestesia.html -> HTTP Error 404: Not Found
https://www.calculadorasdeenfermagem.com.br/ru/tabela-farmacos.html -> HTTP Error 404: Not Found
https://www.calculadorasdeenfermagem.com.br/ru/codigo-etica.html -> HTTP Error 404: Not Found
https://www.calculadorasdeenfermagem.com.br/ru/calculadora-ppm.html -> HTTP Error 404: Not Found
https://www.calculadorasdeenfermagem.com.br/ru/protocolo-dosagem.html -> HTTP Error 404: Not Found
https://www.calculadorasdeenfermagem.com.br/ru/calculadora-infracoes.html -> HTTP Error 404: Not Found
https://www.calculadorasdeenfermagem.com.br/ru/calculadora-aire-ambiente.html -> HTTP Error 404: Not Found
https://www.calculadorasdeenfermagem.com.br/ru/calculadora-age-desde.html -> HTTP Error 404: Not Found
https://www.calculadorasdeenfermagem.com.br/ru/protocolo-monitors.html -> HTTP Error 404: Not Found
https://www.calculadorasdeenfermagem.com.br/ru/historia.html -> HTTP Error 404: Not Found
https://www.calculadorasdeenfermagem.com.br/ru/calculadora-clever-alkalinity.html -> HTTP Error 404: Not Found
https://www.calculadorasdeenfermagem.com.br/zh-tw/ -> HTTP Error 404: Not Found
https://www.calculadorasdeenfermagem.com.br/ru/ajuda.html -> HTTP Error 404: Not Found
https://www.calculadorasdeenfermagem.com.br/ru/calculadora-asc.html -> HTTP Error 404: Not Found
https://www.calculadorasdeenfermagem.com.br/ru/agenda-consultas.html -> HTTP Error 404: Not Found
https://www.calculadorasdeenfermagem.com.br/ru/calculadora-imc.html -> HTTP Error 404: Not Found
https://www.calculadorasdeenfermagem.com.br/ru/calculadora-alcohol-71.html -> HTTP Error 404: Not Found
https://www.calculadorasdeenfermagem.com.br/ru/calculadora-bombeira.html -> HTTP Error 404: Not Found
https://www.calculadorasdeenfermagem.com.br/ru/termos-uso.html -> HTTP Error 404: Not Found
https://www.calculadorasdeenfermagem.com.br/ru/calculadora-gotas-minuto.html -> HTTP Error 404: Not Found
https://www.calculadorasdeenfermagem.com.br/ru/protocolo-dilution.html -> HTTP Error 404: Not Found
https://www.calculadorasdeenfermagem.com.br/ru/nossocompromisso.html -> HTTP Error 404: Not Found
https://www.calculadorasdeenfermagem.com.br/ru/contraindicacoes.html -> HTTP Error 404: Not Found
https://www.calculadorasdeenfermagem.com.br/ru/calculadora-physiology.html -> HTTP Error 404: Not Found
https://www.calculadorasdeenfermagem.com.br/ru/quem-somos.html -> HTTP Error 404: Not Found
https://www.calculadorasdeenfermagem.com.br/ru/convert-pressao.html -> HTTP Error 404: Not Found
https://www.calculadorasdeenfermagem.com.br/ru/calculadora-fio2.html -> HTTP Error 404: Not Found
https://www.calculadorasdeenfermagem.com.br/ru/forum.html -> HTTP Error 404: Not Found
https://www.calculadorasdeenfermagem.com.br/ru/lgpd.html -> HTTP Error 404: Not Found
https://www.calculadorasdeenfermagem.com.br/ru/convert-unidades.html -> HTTP Error 404: Not Found
https://www.calculadorasdeenfermagem.com.br/ru/propriedade-intelectual.html -> HTTP Error 404: Not Found
https://www.calculadorasdeenfermagem.com.br/ru/calculadora-dosagem.html -> HTTP Error 404: Not Found
https://www.calculadorasdeenfermagem.com.br/ru/calculadora-ramsay.html -> HTTP Error 404: Not Found
https://www.calculadorasdeenfermagem.com.br/ru/suporte-tecnico.html -> HTTP Error 404: Not Found
https://www.calculadorasdeenfermagem.com.br/ru/calculadora-nass.html -> HTTP Error 404: Not Found
https://www.calculadorasdeenfermagem.com.br/ru/blog.html -> HTTP Error 404: Not Found
https://www.calculadorasdeenfermagem.com.br/ru/resolucoes.html -> HTTP Error 404: Not Found
https://www.calculadorasdeenfermagem.com.br/ru/calendario-medicacoes.html -> HTTP Error 404: Not Found
https://www.calculadorasdeenfermagem.com.br/ru/tabela-medicamentos.html -> HTTP Error 404: Not Found
https://www.calculadorasdeenfermagem.com.br/ru/protocolo-covid.html -> HTTP Error 404: Not Found
https://www.calculadorasdeenfermagem.com.br/ru/politica-qualidade.html -> HTTP Error 404: Not Found
https://www.calculadorasdeenfermagem.com.br/ru/faq.html -> HTTP Error 404: Not Found
https://www.calculadorasdeenfermagem.com.br/ru/calculadora-glasgow.html -> HTTP Error 404: Not Found
https://www.calculadorasdeenfermagem.com.br/ru/guias-calculo-medicamento.html -> HTTP Error 404: Not Found
https://www.calculadorasdeenfermagem.com.br/ru/horarios-atuacao.html -> HTTP Error 404: Not Found
https://www.calculadorasdeenfermagem.com.br/ru/calculadora-bpc.html -> HTTP Error 404: Not Found
https://www.calculadorasdeenfermagem.com.br/ru/depoimentos-enfermeiros.html -> HTTP Error 404: Not Found
https://www.calculadorasdeenfermagem.com.br/ru/calculadora-dureza-agua.html -> HTTP Error 404: Not Found
https://www.calculadorasdeenfermagem.com.br/ru/portarias-conselhos.html -> HTTP Error 404: Not Found
https://www.calculadorasdeenfermagem.com.br/ar/politicadeacessibilidade.html -> HTTP Error 404: Not Found
https://www.calculadorasdeenfermagem.com.br/ar/impactodigital.html -> HTTP Error 404: Not Found
https://www.calculadorasdeenfermagem.com.br/ar/nossocompromisso.html -> HTTP Error 404: Not Found
https://www.calculadorasdeenfermagem.com.br/ar/doacoes.html -> HTTP Error 404: Not Found
https://www.calculadorasdeenfermagem.com.br/ar/legislacoes.html -> HTTP Error 404: Not Found
https://www.calculadorasdeenfermagem.com.br/ar/checagem.html -> HTTP Error 404: Not Found
https://www.calculadorasdeenfermagem.com.br/ar/heparina.html -> HTTP Error 404: Not Found
https://www.calculadorasdeenfermagem.com.br/ar/concurso.html -> HTTP Error 404: Not Found
https://www.calculadorasdeenfermagem.com.br/ar/forum.html -> HTTP Error 404: Not Found
https://www.calculadorasdeenfermagem.com.br/id/regrasmedicacoes.html -> HTTP Error 404: Not Found
https://www.calculadorasdeenfermagem.com.br/es/forum.html -> HTTP Error 404: Not Found
https://www.calculadorasdeenfermagem.com.br/es/legislacoes.html -> HTTP Error 404: Not Found
https://www.calculadorasdeenfermagem.com.br/es/heparina.html -> HTTP Error 404: Not Found
https://www.calculadorasdeenfermagem.com.br/es/doacoes.html -> HTTP Error 404: Not Found
https://www.calculadorasdeenfermagem.com.br/es/nossocompromisso.html -> HTTP Error 404: Not Found
https://www.calculadorasdeenfermagem.com.br/es/concurso.html -> HTTP Error 404: Not Found
https://www.calculadorasdeenfermagem.com.br/es/checagem.html -> HTTP Error 404: Not Found
https://www.calculadorasdeenfermagem.com.br/es/impactodigital.html -> HTTP Error 404: Not Found
https://www.calculadorasdeenfermagem.com.br/es/politicadeacessibilidade.html -> HTTP Error 404: Not Found
https://www.calculadorasdeenfermagem.com.br/en/legislacoes.html -> HTTP Error 404: Not Found
https://www.calculadorasdeenfermagem.com.br/nl/regrasmedicacoes.html -> HTTP Error 404: Not Found
https://www.calculadorasdeenfermagem.com.br/en/nossocompromisso.html -> HTTP Error 404: Not Found
https://www.calculadorasdeenfermagem.com.br/en/impactodigital.html -> HTTP Error 404: Not Found
https://www.calculadorasdeenfermagem.com.br/en/politicadeacessibilidade.html -> HTTP Error 404: Not Found
https://www.calculadorasdeenfermagem.com.br/en/concurso.html -> HTTP Error 404: Not Found
https://www.calculadorasdeenfermagem.com.br/en/forum.html -> HTTP Error 404: Not Found
https://www.calculadorasdeenfermagem.com.br/en/heparina.html -> HTTP Error 404: Not Found
https://www.calculadorasdeenfermagem.com.br/en/doacoes.html -> HTTP Error 404: Not Found
https://www.calculadorasdeenfermagem.com.br/ru/regrasmedicacoes.html -> HTTP Error 404: Not Found
https://www.calculadorasdeenfermagem.com.br/sv/regrasmedicacoes.html -> HTTP Error 404: Not Found
https://www.calculadorasdeenfermagem.com.br/vi/regrasmedicacoes.html -> HTTP Error 404: Not Found
https://www.calculadorasdeenfermagem.com.br/zh/mews.html -> HTTP Error 404: Not Found
https://www.calculadorasdeenfermagem.com.br/ru/mews.html -> HTTP Error 404: Not Found
https://www.calculadorasdeenfermagem.com.br/ko/mews.html -> HTTP Error 404: Not Found
https://www.calculadorasdeenfermagem.com.br/uk/mews.html -> HTTP Error 404: Not Found
https://www.calculadorasdeenfermagem.com.br/ja/mews.html -> HTTP Error 404: Not Found
https://www.calculadorasdeenfermagem.com.br/nl/mews.html -> HTTP Error 404: Not Found
https://www.calculadorasdeenfermagem.com.br/hi/mews.html -> HTTP Error 404: Not Found
https://www.calculadorasdeenfermagem.com.br/vi/mews.html -> HTTP Error 404: Not Found
https://www.calculadorasdeenfermagem.com.br/tr/mews.html -> HTTP Error 404: Not Found
https://www.calculadorasdeenfermagem.com.br/de/mews.html -> HTTP Error 404: Not Found
https://www.calculadorasdeenfermagem.com.br/sv/mews.html -> HTTP Error 404: Not Found
https://www.calculadorasdeenfermagem.com.br/en/mews.html -> HTTP Error 404: Not Found
https://www.calculadorasdeenfermagem.com.br/es/mews.html -> HTTP Error 404: Not Found
https://www.calculadorasdeenfermagem.com.br/fr/mews.html -> HTTP Error 404: Not Found
https://www.calculadorasdeenfermagem.com.br/ar/mews.html -> HTTP Error 404: Not Found
https://www.calculadorasdeenfermagem.com.br/pl/mews.html -> HTTP Error 404: Not Found
https://www.calculadorasdeenfermagem.com.br/id/mews.html -> HTTP Error 404: Not Found
https://www.calculadorasdeenfermagem.com.br/it/mews.html -> HTTP Error 404: Not Found
https://www.calculadorasdeenfermagem.com.br/ko/NR1_Artigo_Tecnico_Completo.html -> HTTP Error 404: Not Found
https://www.calculadorasdeenfermagem.com.br/pl/NR1_Artigo_Tecnico_Completo.html -> HTTP Error 404: Not Found
https://www.calculadorasdeenfermagem.com.br/es/NR1_Artigo_Tecnico_Completo.html -> HTTP Error 404: Not Found
https://www.calculadorasdeenfermagem.com.br/uk/NR1_Artigo_Tecnico_Completo.html -> HTTP Error 404: Not Found
https://www.calculadorasdeenfermagem.com.br/en/NR1_Artigo_Tecnico_Completo.html -> HTTP Error 404: Not Found
https://www.calculadorasdeenfermagem.com.br/zh/NR1_Artigo_Tecnico_Completo.html -> HTTP Error 404: Not Found
https://www.calculadorasdeenfermagem.com.br/hi/NR1_Artigo_Tecnico_Completo.html -> HTTP Error 404: Not Found
https://www.calculadorasdeenfermagem.com.br/sv/NR1_Artigo_Tecnico_Completo.html -> HTTP Error 404: Not Found
https://www.calculadorasdeenfermagem.com.br/id/NR1_Artigo_Tecnico_Completo.html -> HTTP Error 404: Not Found
https://www.calculadorasdeenfermagem.com.br/ja/NR1_Artigo_Tecnico_Completo.html -> HTTP Error 404: Not Found
https://www.calculadorasdeenfermagem.com.br/NR1_Artigo_Tecnico_Completo.html -> HTTP Error 404: Not Found
https://www.calculadorasdeenfermagem.com.br/tr/NR1_Artigo_Tecnico_Completo.html -> HTTP Error 404: Not Found
https://www.calculadorasdeenfermagem.com.br/vi/NR1_Artigo_Tecnico_Completo.html -> HTTP Error 404: Not Found
https://www.calculadorasdeenfermagem.com.br/ar/NR1_Artigo_Tecnico_Completo.html -> HTTP Error 404: Not Found
https://www.calculadorasdeenfermagem.com.br/it/NR1_Artigo_Tecnico_Completo.html -> HTTP Error 404: Not Found
https://www.calculadorasdeenfermagem.com.br/fr/NR1_Artigo_Tecnico_Completo.html -> HTTP Error 404: Not Found
https://www.calculadorasdeenfermagem.com.br/nl/NR1_Artigo_Tecnico_Completo.html -> HTTP Error 404: Not Found
https://www.calculadorasdeenfermagem.com.br/de/NR1_Artigo_Tecnico_Completo.html -> HTTP Error 404: Not Found
https://www.calculadorasdeenfermagem.com.br/ru/NR1_Artigo_Tecnico_Completo.html -> HTTP Error 404: Not Found
https://www.calculadorasdeenfermagem.com.br/id/NR17_Ergonomia_Artigo_Completo.html -> HTTP Error 404: Not Found
https://www.calculadorasdeenfermagem.com.br/de/NR17_Ergonomia_Artigo_Completo.html -> HTTP Error 404: Not Found
https://www.calculadorasdeenfermagem.com.br/hi/NR17_Ergonomia_Artigo_Completo.html -> HTTP Error 404: Not Found
https://www.calculadorasdeenfermagem.com.br/vi/NR17_Ergonomia_Artigo_Completo.html -> HTTP Error 404: Not Found
https://www.calculadorasdeenfermagem.com.br/uk/NR17_Ergonomia_Artigo_Completo.html -> HTTP Error 404: Not Found
https://www.calculadorasdeenfermagem.com.br/it/NR17_Ergonomia_Artigo_Completo.html -> HTTP Error 404: Not Found
https://www.calculadorasdeenfermagem.com.br/pl/NR17_Ergonomia_Artigo_Completo.html -> HTTP Error 404: Not Found
https://www.calculadorasdeenfermagem.com.br/sv/NR17_Ergonomia_Artigo_Completo.html -> HTTP Error 404: Not Found
https://www.calculadorasdeenfermagem.com.br/es/NR17_Ergonomia_Artigo_Completo.html -> HTTP Error 404: Not Found
https://www.calculadorasdeenfermagem.com.br/nl/NR17_Ergonomia_Artigo_Completo.html -> HTTP Error 404: Not Found
https://www.calculadorasdeenfermagem.com.br/ru/NR17_Ergonomia_Artigo_Completo.html -> HTTP Error 404: Not Found
https://www.calculadorasdeenfermagem.com.br/NR17_Ergonomia_Artigo_Completo.html -> HTTP Error 404: Not Found
https://www.calculadorasdeenfermagem.com.br/ko/NR17_Ergonomia_Artigo_Completo.html -> HTTP Error 404: Not Found
https://www.calculadorasdeenfermagem.com.br/zh/NR17_Ergonomia_Artigo_Completo.html -> HTTP Error 404: Not Found
https://www.calculadorasdeenfermagem.com.br/en/NR17_Ergonomia_Artigo_Completo.html -> HTTP Error 404: Not Found
https://www.calculadorasdeenfermagem.com.br/tr/NR17_Ergonomia_Artigo_Completo.html -> HTTP Error 404: Not Found
https://www.calculadorasdeenfermagem.com.br/fr/NR17_Ergonomia_Artigo_Completo.html -> HTTP Error 404: Not Found
https://www.calculadorasdeenfermagem.com.br/ar/NR17_Ergonomia_Artigo_Completo.html -> HTTP Error 404: Not Found
https://www.calculadorasdeenfermagem.com.br/ja/NR17_Ergonomia_Artigo_Completo.html -> HTTP Error 404: Not Found
https://www.calculadorasdeenfermagem.com.br/hi/principios_sus.html -> HTTP Error 404: Not Found
https://www.calculadorasdeenfermagem.com.br/hi/regrasmedicacoes.html -> HTTP Error 404: Not Found
https://www.calculadorasdeenfermagem.com.br/hi/teorias-de-enfermagem.html -> HTTP Error 404: Not Found
https://www.calculadorasdeenfermagem.com.br/hi/normas-regulamentadoras.html -> HTTP Error 404: Not Found
https://www.calculadorasdeenfermagem.com.br/hi/matriz-de-risco.html -> HTTP Error 404: Not Found
https://www.calculadorasdeenfermagem.com.br/hi/risktools.html -> HTTP Error 404: Not Found
https://www.calculadorasdeenfermagem.com.br/hi/checagem.html -> HTTP Error 404: Not Found
https://www.calculadorasdeenfermagem.com.br/hi/sinan.html -> HTTP Error 404: Not Found
https://www.calculadorasdeenfermagem.com.br/hi/suporte-avancado-de-vida.html -> HTTP Error 404: Not Found
https://www.calculadorasdeenfermagem.com.br/hi/blog/index.html -> HTTP Error 404: Not Found
https://www.calculadorasdeenfermagem.com.br/hi/genogramaeecomapa.html -> HTTP Error 404: Not Found
https://www.calculadorasdeenfermagem.com.br/hi/checklist-cirurgico-seguro.html -> HTTP Error 404: Not Found
https://www.calculadorasdeenfermagem.com.br/hi/5-hs-da-paradacardiorespiratoria.html -> HTTP Error 404: Not Found
https://www.calculadorasdeenfermagem.com.br/hi/time-de-resposta-rapida.html -> HTTP Error 404: Not Found
https://www.calculadorasdeenfermagem.com.br/hi/legislacoes.html -> HTTP Error 404: Not Found
https://www.calculadorasdeenfermagem.com.br/hi/geradordir.html -> HTTP Error 404: Not Found
https://www.calculadorasdeenfermagem.com.br/hi/album_enfermagem.html -> HTTP Error 404: Not Found
https://www.calculadorasdeenfermagem.com.br/hi/lista-de-doencas-de-notificacao-compulsoria.html -> HTTP Error 404: Not Found
https://www.calculadorasdeenfermagem.com.br/hi/downloads.html -> HTTP Error 404: Not Found
https://www.calculadorasdeenfermagem.com.br/hi/5-ts-da-paradacardiorespiratoria.html -> HTTP Error 404: Not Found
https://www.calculadorasdeenfermagem.com.br/hi/vagasdeemprego.html -> HTTP Error 404: Not Found
https://www.calculadorasdeenfermagem.com.br/hi/elisabeth-marques-plataforma-completa.html -> HTTP Error 404: Not Found
https://www.calculadorasdeenfermagem.com.br/hi/nr1.html -> HTTP Error 404: Not Found
https://www.calculadorasdeenfermagem.com.br/hi/terminologias-de-enfermagem.html -> HTTP Error 404: Not Found
https://www.calculadorasdeenfermagem.com.br/hi/adequar-nr1.html -> HTTP Error 404: Not Found
https://www.calculadorasdeenfermagem.com.br/de/suporte-avancado-de-vida.html -> HTTP Error 404: Not Found
https://www.calculadorasdeenfermagem.com.br/de/geradordir.html -> HTTP Error 404: Not Found
https://www.calculadorasdeenfermagem.com.br/de/checklist-cirurgico-seguro.html -> HTTP Error 404: Not Found
https://www.calculadorasdeenfermagem.com.br/de/time-de-resposta-rapida.html -> HTTP Error 404: Not Found
https://www.calculadorasdeenfermagem.com.br/de/5-hs-da-paradacardiorespiratoria.html -> HTTP Error 404: Not Found
https://www.calculadorasdeenfermagem.com.br/de/normas-regulamentadoras.html -> HTTP Error 404: Not Found
https://www.calculadorasdeenfermagem.com.br/de/teorias-de-enfermagem.html -> HTTP Error 404: Not Found
https://www.calculadorasdeenfermagem.com.br/de/downloads.html -> HTTP Error 404: Not Found
https://www.calculadorasdeenfermagem.com.br/de/nr1.html -> HTTP Error 404: Not Found
https://www.calculadorasdeenfermagem.com.br/de/risktools.html -> HTTP Error 404: Not Found
https://www.calculadorasdeenfermagem.com.br/de/genogramaeecomapa.html -> HTTP Error 404: Not Found
https://www.calculadorasdeenfermagem.com.br/de/vagasdeemprego.html -> HTTP Error 404: Not Found
https://www.calculadorasdeenfermagem.com.br/de/principios_sus.html -> HTTP Error 404: Not Found
https://www.calculadorasdeenfermagem.com.br/de/album_enfermagem.html -> HTTP Error 404: Not Found
https://www.calculadorasdeenfermagem.com.br/de/5-ts-da-paradacardiorespiratoria.html -> HTTP Error 404: Not Found
https://www.calculadorasdeenfermagem.com.br/de/elisabeth-marques-plataforma-completa.html -> HTTP Error 404: Not Found
https://www.calculadorasdeenfermagem.com.br/de/adequar-nr1.html -> HTTP Error 404: Not Found
https://www.calculadorasdeenfermagem.com.br/de/blog/index.html -> HTTP Error 404: Not Found
https://www.calculadorasdeenfermagem.com.br/de/terminologias-de-enfermagem.html -> HTTP Error 404: Not Found
https://www.calculadorasdeenfermagem.com.br/de/lista-de-doencas-de-notificacao-compulsoria.html -> HTTP Error 404: Not Found
https://www.calculadorasdeenfermagem.com.br/de/matriz-de-risco.html -> HTTP Error 404: Not Found
https://www.calculadorasdeenfermagem.com.br/de/sinan.html -> HTTP Error 404: Not Found
https://www.calculadorasdeenfermagem.com.br/de/suporte-avancado-de-vida -> HTTP Error 404: Not Found
https://www.calculadorasdeenfermagem.com.br/tr/risktools.html -> HTTP Error 404: Not Found
https://www.calculadorasdeenfermagem.com.br/tr/blog/index.html -> HTTP Error 404: Not Found
https://www.calculadorasdeenfermagem.com.br/tr/lista-de-doencas-de-notificacao-compulsoria.html -> HTTP Error 404: Not Found
https://www.calculadorasdeenfermagem.com.br/tr/5-hs-da-paradacardiorespiratoria.html -> HTTP Error 404: Not Found
https://www.calculadorasdeenfermagem.com.br/tr/geradordir.html -> HTTP Error 404: Not Found
https://www.calculadorasdeenfermagem.com.br/tr/nr1.html -> HTTP Error 404: Not Found
https://www.calculadorasdeenfermagem.com.br/tr/principios_sus.html -> HTTP Error 404: Not Found
https://www.calculadorasdeenfermagem.com.br/tr/suporte-avancado-de-vida.html -> HTTP Error 404: Not Found
https://www.calculadorasdeenfermagem.com.br/tr/sinan.html -> HTTP Error 404: Not Found
https://www.calculadorasdeenfermagem.com.br/nl/nr1.html -> HTTP Error 404: Not Found
https://www.calculadorasdeenfermagem.com.br/nl/time-de-resposta-rapida.html -> HTTP Error 404: Not Found
https://www.calculadorasdeenfermagem.com.br/nl/geradordir.html -> HTTP Error 404: Not Found
https://www.calculadorasdeenfermagem.com.br/nl/5-ts-da-paradacardiorespiratoria.html -> HTTP Error 404: Not Found
https://www.calculadorasdeenfermagem.com.br/nl/downloads.html -> HTTP Error 404: Not Found
https://www.calculadorasdeenfermagem.com.br/nl/legislacoes.html -> HTTP Error 404: Not Found
https://www.calculadorasdeenfermagem.com.br/nl/terminologias-de-enfermagem.html -> HTTP Error 404: Not Found
https://www.calculadorasdeenfermagem.com.br/nl/blog/index.html -> HTTP Error 404: Not Found
https://www.calculadorasdeenfermagem.com.br/nl/normas-regulamentadoras.html -> HTTP Error 404: Not Found
https://www.calculadorasdeenfermagem.com.br/nl/risktools.html -> HTTP Error 404: Not Found
https://www.calculadorasdeenfermagem.com.br/nl/checklist-cirurgico-seguro.html -> HTTP Error 404: Not Found
https://www.calculadorasdeenfermagem.com.br/nl/teorias-de-enfermagem.html -> HTTP Error 404: Not Found
https://www.calculadorasdeenfermagem.com.br/nl/suporte-avancado-de-vida.html -> HTTP Error 404: Not Found
https://www.calculadorasdeenfermagem.com.br/nl/matriz-de-risco.html -> HTTP Error 404: Not Found
https://www.calculadorasdeenfermagem.com.br/nl/elisabeth-marques-plataforma-completa.html -> HTTP Error 404: Not Found
https://www.calculadorasdeenfermagem.com.br/nl/principios_sus.html -> HTTP Error 404: Not Found
https://www.calculadorasdeenfermagem.com.br/nl/album_enfermagem.html -> HTTP Error 404: Not Found
https://www.calculadorasdeenfermagem.com.br/nl/genogramaeecomapa.html -> HTTP Error 404: Not Found
https://www.calculadorasdeenfermagem.com.br/nl/checagem.html -> HTTP Error 404: Not Found
https://www.calculadorasdeenfermagem.com.br/nl/adequar-nr1.html -> HTTP Error 404: Not Found
https://www.calculadorasdeenfermagem.com.br/tr/normas-regulamentadoras.html -> HTTP Error 404: Not Found
https://www.calculadorasdeenfermagem.com.br/tr/matriz-de-risco.html -> HTTP Error 404: Not Found
https://www.calculadorasdeenfermagem.com.br/tr/downloads.html -> HTTP Error 404: Not Found
https://www.calculadorasdeenfermagem.com.br/tr/elisabeth-marques-plataforma-completa.html -> HTTP Error 404: Not Found
https://www.calculadorasdeenfermagem.com.br/tr/adequar-nr1.html -> HTTP Error 404: Not Found
https://www.calculadorasdeenfermagem.com.br/tr/time-de-resposta-rapida.html -> HTTP Error 404: Not Found
https://www.calculadorasdeenfermagem.com.br/tr/5-ts-da-paradacardiorespiratoria.html -> HTTP Error 404: Not Found
https://www.calculadorasdeenfermagem.com.br/tr/teorias-de-enfermagem.html -> HTTP Error 404: Not Found
https://www.calculadorasdeenfermagem.com.br/tr/terminologias-de-enfermagem.html -> HTTP Error 404: Not Found
https://www.calculadorasdeenfermagem.com.br/tr/album_enfermagem.html -> HTTP Error 404: Not Found
https://www.calculadorasdeenfermagem.com.br/tr/checklist-cirurgico-seguro.html -> HTTP Error 404: Not Found
https://www.calculadorasdeenfermagem.com.br/tr/vagasdeemprego.html -> HTTP Error 404: Not Found
https://www.calculadorasdeenfermagem.com.br/tr/genogramaeecomapa.html -> HTTP Error 404: Not Found
https://www.calculadorasdeenfermagem.com.br/pl/checklist-cirurgico-seguro.html -> HTTP Error 404: Not Found
https://www.calculadorasdeenfermagem.com.br/pl/teorias-de-enfermagem.html -> HTTP Error 404: Not Found
https://www.calculadorasdeenfermagem.com.br/pl/suporte-avancado-de-vida.html -> HTTP Error 404: Not Found
https://www.calculadorasdeenfermagem.com.br/pl/nr1.html -> HTTP Error 404: Not Found
https://www.calculadorasdeenfermagem.com.br/pl/risktools.html -> HTTP Error 404: Not Found
https://www.calculadorasdeenfermagem.com.br/pl/normas-regulamentadoras.html -> HTTP Error 404: Not Found
https://www.calculadorasdeenfermagem.com.br/pl/terminologias-de-enfermagem.html -> HTTP Error 404: Not Found
https://www.calculadorasdeenfermagem.com.br/pl/album_enfermagem.html -> HTTP Error 404: Not Found
https://www.calculadorasdeenfermagem.com.br/pl/checagem.html -> HTTP Error 404: Not Found
https://www.calculadorasdeenfermagem.com.br/pl/downloads.html -> HTTP Error 404: Not Found
https://www.calculadorasdeenfermagem.com.br/pl/legislacoes.html -> HTTP Error 404: Not Found
https://www.calculadorasdeenfermagem.com.br/pl/elisabeth-marques-plataforma-completa.html -> HTTP Error 404: Not Found
https://www.calculadorasdeenfermagem.com.br/pl/matriz-de-risco.html -> HTTP Error 404: Not Found
https://www.calculadorasdeenfermagem.com.br/pl/principios_sus.html -> HTTP Error 404: Not Found
https://www.calculadorasdeenfermagem.com.br/pl/adequar-nr1.html -> HTTP Error 404: Not Found
https://www.calculadorasdeenfermagem.com.br/pl/blog/index.html -> HTTP Error 404: Not Found
https://www.calculadorasdeenfermagem.com.br/pl/genogramaeecomapa.html -> HTTP Error 404: Not Found
https://www.calculadorasdeenfermagem.com.br/pl/time-de-resposta-rapida.html -> HTTP Error 404: Not Found
https://www.calculadorasdeenfermagem.com.br/pl/5-ts-da-paradacardiorespiratoria.html -> HTTP Error 404: Not Found
https://www.calculadorasdeenfermagem.com.br/pl/geradordir.html -> HTTP Error 404: Not Found
https://www.calculadorasdeenfermagem.com.br/en/lista-de-doencas-de-notificacao-compulsoria.html -> HTTP Error 404: Not Found
https://www.calculadorasdeenfermagem.com.br/en/5-ts-da-paradacardiorespiratoria.html -> HTTP Error 404: Not Found
https://www.calculadorasdeenfermagem.com.br/en/downloads.html -> HTTP Error 404: Not Found
https://www.calculadorasdeenfermagem.com.br/en/5-hs-da-paradacardiorespiratoria.html -> HTTP Error 404: Not Found
https://www.calculadorasdeenfermagem.com.br/en/genogramaeecomapa.html -> HTTP Error 404: Not Found
https://www.calculadorasdeenfermagem.com.br/en/checklist-cirurgico-seguro.html -> HTTP Error 404: Not Found
https://www.calculadorasdeenfermagem.com.br/en/terminologias-de-enfermagem.html -> HTTP Error 404: Not Found
https://www.calculadorasdeenfermagem.com.br/en/vagasdeemprego.html -> HTTP Error 404: Not Found
https://www.calculadorasdeenfermagem.com.br/en/sinan.html -> HTTP Error 404: Not Found
https://www.calculadorasdeenfermagem.com.br/ja/terminologias-de-enfermagem.html -> HTTP Error 404: Not Found
https://www.calculadorasdeenfermagem.com.br/ja/5-hs-da-paradacardiorespiratoria.html -> HTTP Error 404: Not Found
https://www.calculadorasdeenfermagem.com.br/ja/5-ts-da-paradacardiorespiratoria.html -> HTTP Error 404: Not Found
https://www.calculadorasdeenfermagem.com.br/ja/nr1.html -> HTTP Error 404: Not Found
https://www.calculadorasdeenfermagem.com.br/ja/adequar-nr1.html -> HTTP Error 404: Not Found
https://www.calculadorasdeenfermagem.com.br/ja/principios_sus.html -> HTTP Error 404: Not Found
https://www.calculadorasdeenfermagem.com.br/ja/elisabeth-marques-plataforma-completa.html -> HTTP Error 404: Not Found
https://www.calculadorasdeenfermagem.com.br/ja/normas-regulamentadoras.html -> HTTP Error 404: Not Found
https://www.calculadorasdeenfermagem.com.br/ja/checklist-cirurgico-seguro.html -> HTTP Error 404: Not Found
https://www.calculadorasdeenfermagem.com.br/ja/time-de-resposta-rapida.html -> HTTP Error 404: Not Found
https://www.calculadorasdeenfermagem.com.br/ja/genogramaeecomapa.html -> HTTP Error 404: Not Found
https://www.calculadorasdeenfermagem.com.br/ja/lista-de-doencas-de-notificacao-compulsoria.html -> HTTP Error 404: Not Found
https://www.calculadorasdeenfermagem.com.br/ja/vagasdeemprego.html -> HTTP Error 404: Not Found
https://www.calculadorasdeenfermagem.com.br/ja/downloads.html -> HTTP Error 404: Not Found
https://www.calculadorasdeenfermagem.com.br/ja/matriz-de-risco.html -> HTTP Error 404: Not Found
https://www.calculadorasdeenfermagem.com.br/ja/album_enfermagem.html -> HTTP Error 404: Not Found
https://www.calculadorasdeenfermagem.com.br/ja/sinan.html -> HTTP Error 404: Not Found
https://www.calculadorasdeenfermagem.com.br/ja/suporte-avancado-de-vida.html -> HTTP Error 404: Not Found
https://www.calculadorasdeenfermagem.com.br/ja/teorias-de-enfermagem.html -> HTTP Error 404: Not Found
https://www.calculadorasdeenfermagem.com.br/ja/risktools.html -> HTTP Error 404: Not Found
https://www.calculadorasdeenfermagem.com.br/ja/blog/index.html -> HTTP Error 404: Not Found
https://www.calculadorasdeenfermagem.com.br/ja/geradordir.html -> HTTP Error 404: Not Found
https://www.calculadorasdeenfermagem.com.br/ru/suporte-avancado-de-vida.html -> HTTP Error 404: Not Found
https://www.calculadorasdeenfermagem.com.br/ru/time-de-resposta-rapida.html -> HTTP Error 404: Not Found
https://www.calculadorasdeenfermagem.com.br/ru/legislacoes.html -> HTTP Error 404: Not Found
https://www.calculadorasdeenfermagem.com.br/ru/risktools.html -> HTTP Error 404: Not Found
https://www.calculadorasdeenfermagem.com.br/ru/album_enfermagem.html -> HTTP Error 404: Not Found
https://www.calculadorasdeenfermagem.com.br/ru/downloads.html -> HTTP Error 404: Not Found
https://www.calculadorasdeenfermagem.com.br/ru/normas-regulamentadoras.html -> HTTP Error 404: Not Found
https://www.calculadorasdeenfermagem.com.br/ru/adequar-nr1.html -> HTTP Error 404: Not Found
https://www.calculadorasdeenfermagem.com.br/ru/genogramaeecomapa.html -> HTTP Error 404: Not Found
https://www.calculadorasdeenfermagem.com.br/ru/terminologias-de-enfermagem.html -> HTTP Error 404: Not Found
https://www.calculadorasdeenfermagem.com.br/ru/blog/index.html -> HTTP Error 404: Not Found
https://www.calculadorasdeenfermagem.com.br/ru/lista-de-doencas-de-notificacao-compulsoria.html -> HTTP Error 404: Not Found
https://www.calculadorasdeenfermagem.com.br/ru/matriz-de-risco.html -> HTTP Error 404: Not Found
https://www.calculadorasdeenfermagem.com.br/ru/vagasdeemprego.html -> HTTP Error 404: Not Found
https://www.calculadorasdeenfermagem.com.br/ru/teorias-de-enfermagem.html -> HTTP Error 404: Not Found
https://www.calculadorasdeenfermagem.com.br/ru/5-hs-da-paradacardiorespiratoria.html -> HTTP Error 404: Not Found
https://www.calculadorasdeenfermagem.com.br/ru/principios_sus.html -> HTTP Error 404: Not Found
https://www.calculadorasdeenfermagem.com.br/ru/checklist-cirurgico-seguro.html -> HTTP Error 404: Not Found
https://www.calculadorasdeenfermagem.com.br/ru/nr1.html -> HTTP Error 404: Not Found
https://www.calculadorasdeenfermagem.com.br/ru/sinan.html -> HTTP Error 404: Not Found
https://www.calculadorasdeenfermagem.com.br/ru/geradordir.html -> HTTP Error 404: Not Found
https://www.calculadorasdeenfermagem.com.br/ru/5-ts-da-paradacardiorespiratoria.html -> HTTP Error 404: Not Found
https://www.calculadorasdeenfermagem.com.br/ru/checagem.html -> HTTP Error 404: Not Found
https://www.calculadorasdeenfermagem.com.br/ru/elisabeth-marques-plataforma-completa.html -> HTTP Error 404: Not Found
https://www.calculadorasdeenfermagem.com.br/vi/elisabeth-marques-plataforma-completa.html -> HTTP Error 404: Not Found
https://www.calculadorasdeenfermagem.com.br/vi/time-de-resposta-rapida.html -> HTTP Error 404: Not Found
https://www.calculadorasdeenfermagem.com.br/vi/teorias-de-enfermagem.html -> HTTP Error 404: Not Found
https://www.calculadorasdeenfermagem.com.br/vi/checklist-cirurgico-seguro.html -> HTTP Error 404: Not Found
https://www.calculadorasdeenfermagem.com.br/vi/blog/index.html -> HTTP Error 404: Not Found
https://www.calculadorasdeenfermagem.com.br/vi/normas-regulamentadoras.html -> HTTP Error 404: Not Found
https://www.calculadorasdeenfermagem.com.br/vi/genogramaeecomapa.html -> HTTP Error 404: Not Found
https://www.calculadorasdeenfermagem.com.br/vi/suporte-avancado-de-vida.html -> HTTP Error 404: Not Found
https://www.calculadorasdeenfermagem.com.br/vi/checagem.html -> HTTP Error 404: Not Found
https://www.calculadorasdeenfermagem.com.br/vi/geradordir.html -> HTTP Error 404: Not Found
https://www.calculadorasdeenfermagem.com.br/vi/principios_sus.html -> HTTP Error 404: Not Found
https://www.calculadorasdeenfermagem.com.br/vi/legislacoes.html -> HTTP Error 404: Not Found
https://www.calculadorasdeenfermagem.com.br/zh/genogramaeecomapa.html -> HTTP Error 404: Not Found
https://www.calculadorasdeenfermagem.com.br/zh/vagasdeemprego.html -> HTTP Error 404: Not Found
https://www.calculadorasdeenfermagem.com.br/zh/elisabeth-marques-plataforma-completa.html -> HTTP Error 404: Not Found
https://www.calculadorasdeenfermagem.com.br/zh/checagem.html -> HTTP Error 404: Not Found
https://www.calculadorasdeenfermagem.com.br/zh/sinan.html -> HTTP Error 404: Not Found
https://www.calculadorasdeenfermagem.com.br/zh/geradordir.html -> HTTP Error 404: Not Found
https://www.calculadorasdeenfermagem.com.br/zh/checklist-cirurgico-seguro.html -> HTTP Error 404: Not Found
https://www.calculadorasdeenfermagem.com.br/zh/legislacoes.html -> HTTP Error 404: Not Found
https://www.calculadorasdeenfermagem.com.br/zh/adequar-nr1.html -> HTTP Error 404: Not Found
https://www.calculadorasdeenfermagem.com.br/zh/5-ts-da-paradacardiorespiratoria.html -> HTTP Error 404: Not Found
https://www.calculadorasdeenfermagem.com.br/zh/risktools.html -> HTTP Error 404: Not Found
https://www.calculadorasdeenfermagem.com.br/zh/downloads.html -> HTTP Error 404: Not Found
https://www.calculadorasdeenfermagem.com.br/zh/time-de-resposta-rapida.html -> HTTP Error 404: Not Found
https://www.calculadorasdeenfermagem.com.br/zh/blog/index.html -> HTTP Error 404: Not Found
https://www.calculadorasdeenfermagem.com.br/zh/nr1.html -> HTTP Error 404: Not Found
https://www.calculadorasdeenfermagem.com.br/zh/teorias-de-enfermagem.html -> HTTP Error 404: Not Found
https://www.calculadorasdeenfermagem.com.br/zh/principios_sus.html -> HTTP Error 404: Not Found
https://www.calculadorasdeenfermagem.com.br/zh/normas-regulamentadoras.html -> HTTP Error 404: Not Found
https://www.calculadorasdeenfermagem.com.br/zh/album_enfermagem.html -> HTTP Error 404: Not Found
https://www.calculadorasdeenfermagem.com.br/zh/5-hs-da-paradacardiorespiratoria.html -> HTTP Error 404: Not Found
https://www.calculadorasdeenfermagem.com.br/zh/lista-de-doencas-de-notificacao-compulsoria.html -> HTTP Error 404: Not Found
https://www.calculadorasdeenfermagem.com.br/zh/matriz-de-risco.html -> HTTP Error 404: Not Found
https://www.calculadorasdeenfermagem.com.br/zh/suporte-avancado-de-vida.html -> HTTP Error 404: Not Found
https://www.calculadorasdeenfermagem.com.br/zh/terminologias-de-enfermagem.html -> HTTP Error 404: Not Found
https://www.calculadorasdeenfermagem.com.br/vi/5-ts-da-paradacardiorespiratoria.html -> HTTP Error 404: Not Found
https://www.calculadorasdeenfermagem.com.br/vi/nr1.html -> HTTP Error 404: Not Found
https://www.calculadorasdeenfermagem.com.br/vi/downloads.html -> HTTP Error 404: Not Found
https://www.calculadorasdeenfermagem.com.br/vi/risktools.html -> HTTP Error 404: Not Found
https://www.calculadorasdeenfermagem.com.br/vi/adequar-nr1.html -> HTTP Error 404: Not Found
https://www.calculadorasdeenfermagem.com.br/vi/matriz-de-risco.html -> HTTP Error 404: Not Found
https://www.calculadorasdeenfermagem.com.br/vi/terminologias-de-enfermagem.html -> HTTP Error 404: Not Found
https://www.calculadorasdeenfermagem.com.br/vi/album_enfermagem.html -> HTTP Error 404: Not Found
https://www.calculadorasdeenfermagem.com.br/ko/lista-de-doencas-de-notificacao-compulsoria.html -> HTTP Error 404: Not Found
https://www.calculadorasdeenfermagem.com.br/ko/nr1.html -> HTTP Error 404: Not Found
https://www.calculadorasdeenfermagem.com.br/ko/time-de-resposta-rapida.html -> HTTP Error 404: Not Found
https://www.calculadorasdeenfermagem.com.br/ko/5-ts-da-paradacardiorespiratoria.html -> HTTP Error 404: Not Found
https://www.calculadorasdeenfermagem.com.br/ko/downloads.html -> HTTP Error 404: Not Found
https://www.calculadorasdeenfermagem.com.br/ko/terminologias-de-enfermagem.html -> HTTP Error 404: Not Found
https://www.calculadorasdeenfermagem.com.br/ko/vagasdeemprego.html -> HTTP Error 404: Not Found
https://www.calculadorasdeenfermagem.com.br/ko/blog/index.html -> HTTP Error 404: Not Found
https://www.calculadorasdeenfermagem.com.br/ko/normas-regulamentadoras.html -> HTTP Error 404: Not Found
https://www.calculadorasdeenfermagem.com.br/ko/sinan.html -> HTTP Error 404: Not Found
https://www.calculadorasdeenfermagem.com.br/ko/checklist-cirurgico-seguro.html -> HTTP Error 404: Not Found
https://www.calculadorasdeenfermagem.com.br/ko/suporte-avancado-de-vida.html -> HTTP Error 404: Not Found
https://www.calculadorasdeenfermagem.com.br/ko/teorias-de-enfermagem.html -> HTTP Error 404: Not Found
https://www.calculadorasdeenfermagem.com.br/ko/elisabeth-marques-plataforma-completa.html -> HTTP Error 404: Not Found
https://www.calculadorasdeenfermagem.com.br/ko/principios_sus.html -> HTTP Error 404: Not Found
https://www.calculadorasdeenfermagem.com.br/ko/5-hs-da-paradacardiorespiratoria.html -> HTTP Error 404: Not Found
https://www.calculadorasdeenfermagem.com.br/ko/album_enfermagem.html -> HTTP Error 404: Not Found
https://www.calculadorasdeenfermagem.com.br/ko/genogramaeecomapa.html -> HTTP Error 404: Not Found
https://www.calculadorasdeenfermagem.com.br/ko/adequar-nr1.html -> HTTP Error 404: Not Found
https://www.calculadorasdeenfermagem.com.br/sv/checklist-cirurgico-seguro.html -> HTTP Error 404: Not Found
https://www.calculadorasdeenfermagem.com.br/sv/suporte-avancado-de-vida.html -> HTTP Error 404: Not Found
https://www.calculadorasdeenfermagem.com.br/sv/matriz-de-risco.html -> HTTP Error 404: Not Found
https://www.calculadorasdeenfermagem.com.br/sv/risktools.html -> HTTP Error 404: Not Found
https://www.calculadorasdeenfermagem.com.br/sv/geradordir.html -> HTTP Error 404: Not Found
https://www.calculadorasdeenfermagem.com.br/sv/downloads.html -> HTTP Error 404: Not Found
https://www.calculadorasdeenfermagem.com.br/sv/normas-regulamentadoras.html -> HTTP Error 404: Not Found
https://www.calculadorasdeenfermagem.com.br/sv/terminologias-de-enfermagem.html -> HTTP Error 404: Not Found
https://www.calculadorasdeenfermagem.com.br/sv/album_enfermagem.html -> HTTP Error 404: Not Found
https://www.calculadorasdeenfermagem.com.br/sv/nr1.html -> HTTP Error 404: Not Found
https://www.calculadorasdeenfermagem.com.br/sv/checagem.html -> HTTP Error 404: Not Found
https://www.calculadorasdeenfermagem.com.br/sv/principios_sus.html -> HTTP Error 404: Not Found
https://www.calculadorasdeenfermagem.com.br/sv/teorias-de-enfermagem.html -> HTTP Error 404: Not Found
https://www.calculadorasdeenfermagem.com.br/sv/time-de-resposta-rapida.html -> HTTP Error 404: Not Found
https://www.calculadorasdeenfermagem.com.br/sv/legislacoes.html -> HTTP Error 404: Not Found
https://www.calculadorasdeenfermagem.com.br/sv/adequar-nr1.html -> HTTP Error 404: Not Found
https://www.calculadorasdeenfermagem.com.br/sv/elisabeth-marques-plataforma-completa.html -> HTTP Error 404: Not Found
https://www.calculadorasdeenfermagem.com.br/sv/blog/index.html -> HTTP Error 404: Not Found
https://www.calculadorasdeenfermagem.com.br/sv/5-ts-da-paradacardiorespiratoria.html -> HTTP Error 404: Not Found
https://www.calculadorasdeenfermagem.com.br/id/lista-de-doencas-de-notificacao-compulsoria.html -> HTTP Error 404: Not Found
https://www.calculadorasdeenfermagem.com.br/id/nr1.html -> HTTP Error 404: Not Found
https://www.calculadorasdeenfermagem.com.br/id/time-de-resposta-rapida.html -> HTTP Error 404: Not Found
https://www.calculadorasdeenfermagem.com.br/id/geradordir.html -> HTTP Error 404: Not Found
https://www.calculadorasdeenfermagem.com.br/id/5-ts-da-paradacardiorespiratoria.html -> HTTP Error 404: Not Found
https://www.calculadorasdeenfermagem.com.br/id/downloads.html -> HTTP Error 404: Not Found
https://www.calculadorasdeenfermagem.com.br/id/legislacoes.html -> HTTP Error 404: Not Found
https://www.calculadorasdeenfermagem.com.br/id/terminologias-de-enfermagem.html -> HTTP Error 404: Not Found
https://www.calculadorasdeenfermagem.com.br/id/vagasdeemprego.html -> HTTP Error 404: Not Found
https://www.calculadorasdeenfermagem.com.br/id/blog/index.html -> HTTP Error 404: Not Found
https://www.calculadorasdeenfermagem.com.br/id/normas-regulamentadoras.html -> HTTP Error 404: Not Found
https://www.calculadorasdeenfermagem.com.br/id/sinan.html -> HTTP Error 404: Not Found
https://www.calculadorasdeenfermagem.com.br/id/risktools.html -> HTTP Error 404: Not Found
https://www.calculadorasdeenfermagem.com.br/id/checklist-cirurgico-seguro.html -> HTTP Error 404: Not Found
https://www.calculadorasdeenfermagem.com.br/id/suporte-avancado-de-vida.html -> HTTP Error 404: Not Found
https://www.calculadorasdeenfermagem.com.br/id/teorias-de-enfermagem.html -> HTTP Error 404: Not Found
https://www.calculadorasdeenfermagem.com.br/id/elisabeth-marques-plataforma-completa.html -> HTTP Error 404: Not Found
https://www.calculadorasdeenfermagem.com.br/id/matriz-de-risco.html -> HTTP Error 404: Not Found
https://www.calculadorasdeenfermagem.com.br/id/principios_sus.html -> HTTP Error 404: Not Found
https://www.calculadorasdeenfermagem.com.br/id/5-hs-da-paradacardiorespiratoria.html -> HTTP Error 404: Not Found
https://www.calculadorasdeenfermagem.com.br/id/album_enfermagem.html -> HTTP Error 404: Not Found
https://www.calculadorasdeenfermagem.com.br/id/genogramaeecomapa.html -> HTTP Error 404: Not Found
https://www.calculadorasdeenfermagem.com.br/id/checagem.html -> HTTP Error 404: Not Found
https://www.calculadorasdeenfermagem.com.br/id/adequar-nr1.html -> HTTP Error 404: Not Found
https://www.calculadorasdeenfermagem.com.br/uk/nr1.html -> HTTP Error 404: Not Found
https://www.calculadorasdeenfermagem.com.br/uk/geradordir.html -> HTTP Error 404: Not Found
https://www.calculadorasdeenfermagem.com.br/uk/time-de-resposta-rapida.html -> HTTP Error 404: Not Found
https://www.calculadorasdeenfermagem.com.br/uk/5-ts-da-paradacardiorespiratoria.html -> HTTP Error 404: Not Found
https://www.calculadorasdeenfermagem.com.br/uk/legislacoes.html -> HTTP Error 404: Not Found
https://www.calculadorasdeenfermagem.com.br/uk/terminologias-de-enfermagem.html -> HTTP Error 404: Not Found
https://www.calculadorasdeenfermagem.com.br/uk/blog/index.html -> HTTP Error 404: Not Found
https://www.calculadorasdeenfermagem.com.br/uk/normas-regulamentadoras.html -> HTTP Error 404: Not Found
https://www.calculadorasdeenfermagem.com.br/uk/risktools.html -> HTTP Error 404: Not Found
https://www.calculadorasdeenfermagem.com.br/uk/checklist-cirurgico-seguro.html -> HTTP Error 404: Not Found
https://www.calculadorasdeenfermagem.com.br/uk/suporte-avancado-de-vida.html -> HTTP Error 404: Not Found
https://www.calculadorasdeenfermagem.com.br/uk/teorias-de-enfermagem.html -> HTTP Error 404: Not Found
https://www.calculadorasdeenfermagem.com.br/uk/elisabeth-marques-plataforma-completa.html -> HTTP Error 404: Not Found
https://www.calculadorasdeenfermagem.com.br/uk/matriz-de-risco.html -> HTTP Error 404: Not Found
https://www.calculadorasdeenfermagem.com.br/uk/principios_sus.html -> HTTP Error 404: Not Found
https://www.calculadorasdeenfermagem.com.br/uk/album_enfermagem.html -> HTTP Error 404: Not Found
https://www.calculadorasdeenfermagem.com.br/uk/genogramaeecomapa.html -> HTTP Error 404: Not Found
https://www.calculadorasdeenfermagem.com.br/uk/checagem.html -> HTTP Error 404: Not Found
https://www.calculadorasdeenfermagem.com.br/uk/adequar-nr1.html -> HTTP Error 404: Not Found
https://www.calculadorasdeenfermagem.com.br/fr/normas-regulamentadoras.html -> HTTP Error 404: Not Found
https://www.calculadorasdeenfermagem.com.br/fr/principios_sus.html -> HTTP Error 404: Not Found
https://www.calculadorasdeenfermagem.com.br/fr/checklist-cirurgico-seguro.html -> HTTP Error 404: Not Found
https://www.calculadorasdeenfermagem.com.br/fr/adequar-nr1.html -> HTTP Error 404: Not Found
https://www.calculadorasdeenfermagem.com.br/fr/lista-de-doencas-de-notificacao-compulsoria.html -> HTTP Error 404: Not Found
https://www.calculadorasdeenfermagem.com.br/fr/suporte-avancado-de-vida.html -> HTTP Error 404: Not Found
https://www.calculadorasdeenfermagem.com.br/fr/geradordir.html -> HTTP Error 404: Not Found
https://www.calculadorasdeenfermagem.com.br/fr/5-hs-da-paradacardiorespiratoria.html -> HTTP Error 404: Not Found
https://www.calculadorasdeenfermagem.com.br/fr/downloads.html -> HTTP Error 404: Not Found
https://www.calculadorasdeenfermagem.com.br/fr/terminologias-de-enfermagem.html -> HTTP Error 404: Not Found
https://www.calculadorasdeenfermagem.com.br/fr/blog/index.html -> HTTP Error 404: Not Found
https://www.calculadorasdeenfermagem.com.br/fr/matriz-de-risco.html -> HTTP Error 404: Not Found
https://www.calculadorasdeenfermagem.com.br/fr/time-de-resposta-rapida.html -> HTTP Error 404: Not Found
https://www.calculadorasdeenfermagem.com.br/fr/genogramaeecomapa.html -> HTTP Error 404: Not Found
https://www.calculadorasdeenfermagem.com.br/fr/vagasdeemprego.html -> HTTP Error 404: Not Found
https://www.calculadorasdeenfermagem.com.br/fr/risktools.html -> HTTP Error 404: Not Found
https://www.calculadorasdeenfermagem.com.br/fr/teorias-de-enfermagem.html -> HTTP Error 404: Not Found
https://www.calculadorasdeenfermagem.com.br/fr/5-ts-da-paradacardiorespiratoria.html -> HTTP Error 404: Not Found
https://www.calculadorasdeenfermagem.com.br/fr/album_enfermagem.html -> HTTP Error 404: Not Found
https://www.calculadorasdeenfermagem.com.br/fr/nr1.html -> HTTP Error 404: Not Found
https://www.calculadorasdeenfermagem.com.br/fr/sinan.html -> HTTP Error 404: Not Found
https://www.calculadorasdeenfermagem.com.br/fr/elisabeth-marques-plataforma-completa.html -> HTTP Error 404: Not Found
https://www.calculadorasdeenfermagem.com.br/ar/lista-de-doencas-de-notificacao-compulsoria.html -> HTTP Error 404: Not Found
https://www.calculadorasdeenfermagem.com.br/ar/nr1.html -> HTTP Error 404: Not Found
https://www.calculadorasdeenfermagem.com.br/ar/time-de-resposta-rapida.html -> HTTP Error 404: Not Found
https://www.calculadorasdeenfermagem.com.br/ar/geradordir.html -> HTTP Error 404: Not Found
https://www.calculadorasdeenfermagem.com.br/ar/5-ts-da-paradacardiorespiratoria.html -> HTTP Error 404: Not Found
https://www.calculadorasdeenfermagem.com.br/ar/downloads.html -> HTTP Error 404: Not Found
https://www.calculadorasdeenfermagem.com.br/ar/terminologias-de-enfermagem.html -> HTTP Error 404: Not Found
https://www.calculadorasdeenfermagem.com.br/ar/vagasdeemprego.html -> HTTP Error 404: Not Found
https://www.calculadorasdeenfermagem.com.br/ar/blog/index.html -> HTTP Error 404: Not Found
https://www.calculadorasdeenfermagem.com.br/ar/normas-regulamentadoras.html -> HTTP Error 404: Not Found
https://www.calculadorasdeenfermagem.com.br/ar/risktools.html -> HTTP Error 404: Not Found
https://www.calculadorasdeenfermagem.com.br/ar/sinan.html -> HTTP Error 404: Not Found
https://www.calculadorasdeenfermagem.com.br/ar/checklist-cirurgico-seguro.html -> HTTP Error 404: Not Found
https://www.calculadorasdeenfermagem.com.br/ar/suporte-avancado-de-vida.html -> HTTP Error 404: Not Found
https://www.calculadorasdeenfermagem.com.br/ar/teorias-de-enfermagem.html -> HTTP Error 404: Not Found
https://www.calculadorasdeenfermagem.com.br/ar/matriz-de-risco.html -> HTTP Error 404: Not Found
https://www.calculadorasdeenfermagem.com.br/ar/elisabeth-marques-plataforma-completa.html -> HTTP Error 404: Not Found
https://www.calculadorasdeenfermagem.com.br/ar/principios_sus.html -> HTTP Error 404: Not Found
https://www.calculadorasdeenfermagem.com.br/ar/album_enfermagem.html -> HTTP Error 404: Not Found
https://www.calculadorasdeenfermagem.com.br/ar/5-hs-da-paradacardiorespiratoria.html -> HTTP Error 404: Not Found
https://www.calculadorasdeenfermagem.com.br/ar/genogramaeecomapa.html -> HTTP Error 404: Not Found
https://www.calculadorasdeenfermagem.com.br/ar/adequar-nr1.html -> HTTP Error 404: Not Found
https://www.calculadorasdeenfermagem.com.br/es/lista-de-doencas-de-notificacao-compulsoria.html -> HTTP Error 404: Not Found
https://www.calculadorasdeenfermagem.com.br/es/5-ts-da-paradacardiorespiratoria.html -> HTTP Error 404: Not Found
https://www.calculadorasdeenfermagem.com.br/es/downloads.html -> HTTP Error 404: Not Found
https://www.calculadorasdeenfermagem.com.br/es/5-hs-da-paradacardiorespiratoria.html -> HTTP Error 404: Not Found
https://www.calculadorasdeenfermagem.com.br/es/genogramaeecomapa.html -> HTTP Error 404: Not Found
https://www.calculadorasdeenfermagem.com.br/es/checklist-cirurgico-seguro.html -> HTTP Error 404: Not Found
https://www.calculadorasdeenfermagem.com.br/es/terminologias-de-enfermagem.html -> HTTP Error 404: Not Found
https://www.calculadorasdeenfermagem.com.br/es/sinan.html -> HTTP Error 404: Not Found
https://www.calculadorasdeenfermagem.com.br/es/vagasdeemprego.html -> HTTP Error 404: Not Found
https://www.calculadorasdeenfermagem.com.br/it/elisabeth-marques-plataforma-completa.html -> HTTP Error 404: Not Found
https://www.calculadorasdeenfermagem.com.br/it/downloads.html -> HTTP Error 404: Not Found
https://www.calculadorasdeenfermagem.com.br/it/suporte-avancado-de-vida.html -> HTTP Error 404: Not Found
https://www.calculadorasdeenfermagem.com.br/it/matriz-de-risco.html -> HTTP Error 404: Not Found
https://www.calculadorasdeenfermagem.com.br/it/blog/index.html -> HTTP Error 404: Not Found
https://www.calculadorasdeenfermagem.com.br/it/teorias-de-enfermagem.html -> HTTP Error 404: Not Found
https://www.calculadorasdeenfermagem.com.br/it/checagem.html -> HTTP Error 404: Not Found
https://www.calculadorasdeenfermagem.com.br/it/genogramaeecomapa.html -> HTTP Error 404: Not Found
https://www.calculadorasdeenfermagem.com.br/it/terminologias-de-enfermagem.html -> HTTP Error 404: Not Found
https://www.calculadorasdeenfermagem.com.br/it/5-ts-da-paradacardiorespiratoria.html -> HTTP Error 404: Not Found
https://www.calculadorasdeenfermagem.com.br/it/time-de-resposta-rapida.html -> HTTP Error 404: Not Found
https://www.calculadorasdeenfermagem.com.br/it/geradordir.html -> HTTP Error 404: Not Found
https://www.calculadorasdeenfermagem.com.br/it/principios_sus.html -> HTTP Error 404: Not Found
https://www.calculadorasdeenfermagem.com.br/it/risktools.html -> HTTP Error 404: Not Found
https://www.calculadorasdeenfermagem.com.br/it/lista-de-doencas-de-notificacao-compulsoria.html -> HTTP Error 404: Not Found
https://www.calculadorasdeenfermagem.com.br/it/nr1.html -> HTTP Error 404: Not Found
https://www.calculadorasdeenfermagem.com.br/it/sinan.html -> HTTP Error 404: Not Found
https://www.calculadorasdeenfermagem.com.br/it/5-hs-da-paradacardiorespiratoria.html -> HTTP Error 404: Not Found
https://www.calculadorasdeenfermagem.com.br/it/album_enfermagem.html -> HTTP Error 404: Not Found
https://www.calculadorasdeenfermagem.com.br/it/normas-regulamentadoras.html -> HTTP Error 404: Not Found
https://www.calculadorasdeenfermagem.com.br/it/fale.html -> HTTP Error 404: Not Found
https://www.calculadorasdeenfermagem.com.br/it/legislacoes.html -> HTTP Error 404: Not Found
https://www.calculadorasdeenfermagem.com.br/it/checklist-cirurgico-seguro.html -> HTTP Error 404: Not Found
https://www.calculadorasdeenfermagem.com.br/it/adequar-nr1.html -> HTTP Error 404: Not Found
https://www.calculadorasdeenfermagem.com.br/it/vagasdeemprego.html -> HTTP Error 404: Not Found
https://www.calculadorasdeenfermagem.com.br/sv/compulsorialista.html -> HTTP Error 404: Not Found
https://www.calculadorasdeenfermagem.com.br/sv/compulsoria4-calculadoras-de-enfermagem.webp -> HTTP Error 404: Not Found
https://www.calculadorasdeenfermagem.com.br/sv/compulsoria1-calculadoras-de-enfermagem.webp -> HTTP Error 404: Not Found
https://www.calculadorasdeenfermagem.com.br/sv/sinandengue1-calculadoras-de-enfermagem.webp -> HTTP Error 404: Not Found
https://www.calculadorasdeenfermagem.com.br/sv/compulsoria3-calculadoras-de-enfermagem.webp -> HTTP Error 404: Not Found
https://www.calculadorasdeenfermagem.com.br/sv/compulsoria2-calculadoras-de-enfermagem.webp -> HTTP Error 404: Not Found
https://www.calculadorasdeenfermagem.com.br/equipo-de-respuesta-rapida.html -> HTTP Error 404: Not Found
https://www.calculadorasdeenfermagem.com.br/PROTOCOLO%20DE%20NEWS%20HORIZONTALIZADA.html -> HTTP Error 404: Not Found
https://www.calculadorasdeenfermagem.com.br/docs/Classifica%C3%A7%C3%B5es-de-diagn%C3%B3stico-e-interven%C3%A7%C3%A3o-de-enfermagem_dra_alba_lucia_botura.pdf -> HTTP Error 404: Not Found
https://www.calculadorasdeenfermagem.com.br/docs/Portaria%20MTE%20n%C2%BA%201.419%20(NR-01).pdf -> HTTP Error 404: Not Found
https://www.calculadorasdeenfermagem.com.br/en/formul%C3%A1rio-saep-enfermagem.html -> HTTP Error 404: Not Found
https://www.calculadorasdeenfermagem.com.br/es/formul%C3%A1rio-saep-enfermagem.html -> HTTP Error 404: Not Found
https://www.calculadorasdeenfermagem.com.br/img/5ts%20causa%20prov%C3%A1vel%20da%20parada%20cardiorespirat%C3%B3ria.webp -> HTTP Error 404: Not Found
https://www.calculadorasdeenfermagem.com.br/img/ESCALA%20DE%20aldrete-e-kroulik-calculadoras-de-enfermagem.webp -> HTTP Error 404: Not Found
https://www.calculadorasdeenfermagem.com.br/img/FORMULARIO%20DE%20REGISTRO%20DO%20%20C%C3%93DIGO%20AMARELO.webp -> HTTP Error 404: Not Found
https://www.calculadorasdeenfermagem.com.br/img/NIVEL%20DE%20consciencia-enfermagem-calculadoras-de-enfermagem.png -> HTTP Error 404: Not Found
https://www.calculadorasdeenfermagem.com.br/img/NIVEL%20DE%20consciencia-enfermagem-calculadoras-de-enfermagem.webp -> HTTP Error 404: Not Found
https://www.calculadorasdeenfermagem.com.br/img/TRIPLA%20CHECAGEM%20-%20PREPARO%20E%20ADMINISTRA%C3%87%C3%83O%20DE%20MEDICAMENTOS%20DE%20RN%20E%20CRIAN%C3%87AS,%20CUIDADO%20COM%20A%20DOSAGEM,%20REDILUI%C3%87%C3%83O,%20USO%20DE%20BURETA%20E%20BOMBA%20DE%20INFUS%C3%83O.webp -> HTTP Error 404: Not Found
https://www.calculadorasdeenfermagem.com.br/img/o%20respons%C3%A1vel%20pelo%20carrinho%20de%20emergencia%20deve%20ter%20em%20mente%20as%205%20causas%20prov%C3%A1veis%20H%20de%20uma%20PCR,%20e%20assim%20organizar%20o%20carrinho%20de%20emergencia.webp -> HTTP Error 404: Not Found
https://www.calculadorasdeenfermagem.com.br/img/%C3%8DCONE%20calculo-de-gotejamento-calculadoras-de-enfermagem.webp -> HTTP Error 404: Not Found
https://www.calculadorasdeenfermagem.com.br/img/%C3%8DCONE%20dimensionamento-da-equipe-de-enfermagem-calculadoras-de-enfermagem.webp -> HTTP Error 404: Not Found
https://www.calculadorasdeenfermagem.com.br/ru/calculadora-dilui%C3%A7%C3%A3o.html -> HTTP Error 404: Not Found